"FullName","Length","LastWriteTime","Attributes"
"C:\Users\sirok\mocka-core-private\.git",,"2026/02/20 18:33:56","Hidden, Directory"
"C:\Users\sirok\mocka-core-private\app",,"2026/02/20 18:18:15","Directory"
"C:\Users\sirok\mocka-core-private\contracts_client",,"2026/02/20 18:29:21","Directory"
"C:\Users\sirok\mocka-core-private\core",,"2026/02/20 18:13:45","Directory"
"C:\Users\sirok\mocka-core-private\infield",,"2026/02/20 18:18:15","Directory"
"C:\Users\sirok\mocka-core-private\logs",,"2026/02/20 18:13:45","Directory"
"C:\Users\sirok\mocka-core-private\ops",,"2026/02/20 18:31:36","Directory"
"C:\Users\sirok\mocka-core-private\outbox",,"2026/02/20 18:35:54","Directory"
"C:\Users\sirok\mocka-core-private\providers",,"2026/02/20 18:13:45","Directory"
"C:\Users\sirok\mocka-core-private\runners",,"2026/02/20 18:13:45","Directory"
"C:\Users\sirok\mocka-core-private\secrets",,"2026/02/20 18:13:46","Directory"
"C:\Users\sirok\mocka-core-private\src",,"2026/02/20 18:18:16","Directory"
"C:\Users\sirok\mocka-core-private\state",,"2026/02/20 18:13:45","Directory"
"C:\Users\sirok\mocka-core-private\.gitattributes","77","2026/02/20 18:33:56","Archive"
"C:\Users\sirok\mocka-core-private\.gitignore","38","2026/02/20 18:14:13","Archive"
"C:\Users\sirok\mocka-core-private\main_loop.py","921","2026/02/18 15:20:49","Archive"
"C:\Users\sirok\mocka-core-private\README.md","66","2026/02/20 18:14:29","Archive"
"C:\Users\sirok\mocka-core-private\.git\hooks",,"2026/02/20 18:12:42","Directory"
"C:\Users\sirok\mocka-core-private\.git\info",,"2026/02/20 18:12:42","Directory"
"C:\Users\sirok\mocka-core-private\.git\logs",,"2026/02/20 18:14:44","Directory"
"C:\Users\sirok\mocka-core-private\.git\objects",,"2026/02/20 18:33:56","Directory"
"C:\Users\sirok\mocka-core-private\.git\refs",,"2026/02/20 18:14:49","Directory"
"C:\Users\sirok\mocka-core-private\.git\COMMIT_EDITMSG","30","2026/02/20 18:33:56","Archive"
"C:\Users\sirok\mocka-core-private\.git\config","315","2026/02/20 18:14:49","Archive"
"C:\Users\sirok\mocka-core-private\.git\description","73","2026/02/20 18:12:42","Archive"
"C:\Users\sirok\mocka-core-private\.git\HEAD","21","2026/02/20 18:14:45","Archive"
"C:\Users\sirok\mocka-core-private\.git\index","12260","2026/02/20 18:33:56","Archive"
"C:\Users\sirok\mocka-core-private\.git\hooks\applypatch-msg.sample","478","2026/02/20 18:12:42","Archive"
"C:\Users\sirok\mocka-core-private\.git\hooks\commit-msg.sample","896","2026/02/20 18:12:42","Archive"
"C:\Users\sirok\mocka-core-private\.git\hooks\fsmonitor-watchman.sample","4726","2026/02/20 18:12:42","Archive"
"C:\Users\sirok\mocka-core-private\.git\hooks\post-update.sample","189","2026/02/20 18:12:42","Archive"
"C:\Users\sirok\mocka-core-private\.git\hooks\pre-applypatch.sample","424","2026/02/20 18:12:42","Archive"
"C:\Users\sirok\mocka-core-private\.git\hooks\pre-commit.sample","1649","2026/02/20 18:12:42","Archive"
"C:\Users\sirok\mocka-core-private\.git\hooks\pre-merge-commit.sample","416","2026/02/20 18:12:42","Archive"
"C:\Users\sirok\mocka-core-private\.git\hooks\pre-push.sample","1374","2026/02/20 18:12:42","Archive"
"C:\Users\sirok\mocka-core-private\.git\hooks\pre-rebase.sample","4898","2026/02/20 18:12:42","Archive"
"C:\Users\sirok\mocka-core-private\.git\hooks\pre-receive.sample","544","2026/02/20 18:12:42","Archive"
"C:\Users\sirok\mocka-core-private\.git\hooks\prepare-commit-msg.sample","1492","2026/02/20 18:12:42","Archive"
"C:\Users\sirok\mocka-core-private\.git\hooks\push-to-checkout.sample","2783","2026/02/20 18:12:42","Archive"
"C:\Users\sirok\mocka-core-private\.git\hooks\sendemail-validate.sample","2308","2026/02/20 18:12:42","Archive"
"C:\Users\sirok\mocka-core-private\.git\hooks\update.sample","3650","2026/02/20 18:12:42","Archive"
"C:\Users\sirok\mocka-core-private\.git\info\exclude","240","2026/02/20 18:12:42","Archive"
"C:\Users\sirok\mocka-core-private\.git\logs\refs",,"2026/02/20 18:14:49","Directory"
"C:\Users\sirok\mocka-core-private\.git\logs\HEAD","2380","2026/02/20 18:33:56","Archive"
"C:\Users\sirok\mocka-core-private\.git\logs\refs\heads",,"2026/02/20 18:14:45","Directory"
"C:\Users\sirok\mocka-core-private\.git\logs\refs\remotes",,"2026/02/20 18:14:49","Directory"
"C:\Users\sirok\mocka-core-private\.git\logs\refs\heads\main","2198","2026/02/20 18:33:56","Archive"
"C:\Users\sirok\mocka-core-private\.git\logs\refs\remotes\origin",,"2026/02/20 18:14:49","Directory"
"C:\Users\sirok\mocka-core-private\.git\logs\refs\remotes\origin\main","1606","2026/02/20 18:33:58","Archive"
"C:\Users\sirok\mocka-core-private\.git\objects\01",,"2026/02/20 18:26:48","Directory"
"C:\Users\sirok\mocka-core-private\.git\objects\02",,"2026/02/20 18:26:47","Directory"
"C:\Users\sirok\mocka-core-private\.git\objects\04",,"2026/02/20 18:31:36","Directory"
"C:\Users\sirok\mocka-core-private\.git\objects\05",,"2026/02/20 18:14:35","Directory"
"C:\Users\sirok\mocka-core-private\.git\objects\06",,"2026/02/20 18:31:11","Directory"
"C:\Users\sirok\mocka-core-private\.git\objects\0b",,"2026/02/20 18:26:48","Directory"
"C:\Users\sirok\mocka-core-private\.git\objects\10",,"2026/02/20 18:27:31","Directory"
"C:\Users\sirok\mocka-core-private\.git\objects\15",,"2026/02/20 18:26:45","Directory"
"C:\Users\sirok\mocka-core-private\.git\objects\17",,"2026/02/20 18:31:10","Directory"
"C:\Users\sirok\mocka-core-private\.git\objects\18",,"2026/02/20 18:17:17","Directory"
"C:\Users\sirok\mocka-core-private\.git\objects\1a",,"2026/02/20 18:26:48","Directory"
"C:\Users\sirok\mocka-core-private\.git\objects\1b",,"2026/02/20 18:26:44","Directory"
"C:\Users\sirok\mocka-core-private\.git\objects\1c",,"2026/02/20 18:33:02","Directory"
"C:\Users\sirok\mocka-core-private\.git\objects\1d",,"2026/02/20 18:26:43","Directory"
"C:\Users\sirok\mocka-core-private\.git\objects\20",,"2026/02/20 18:26:44","Directory"
"C:\Users\sirok\mocka-core-private\.git\objects\23",,"2026/02/20 18:26:47","Directory"
"C:\Users\sirok\mocka-core-private\.git\objects\25",,"2026/02/20 18:27:32","Directory"
"C:\Users\sirok\mocka-core-private\.git\objects\26",,"2026/02/20 18:26:47","Directory"
"C:\Users\sirok\mocka-core-private\.git\objects\29",,"2026/02/20 18:31:36","Directory"
"C:\Users\sirok\mocka-core-private\.git\objects\2c",,"2026/02/20 18:26:45","Directory"
"C:\Users\sirok\mocka-core-private\.git\objects\2f",,"2026/02/20 18:26:45","Directory"
"C:\Users\sirok\mocka-core-private\.git\objects\30",,"2026/02/20 18:16:30","Directory"
"C:\Users\sirok\mocka-core-private\.git\objects\35",,"2026/02/20 18:29:52","Directory"
"C:\Users\sirok\mocka-core-private\.git\objects\36",,"2026/02/20 18:26:43","Directory"
"C:\Users\sirok\mocka-core-private\.git\objects\3b",,"2026/02/20 18:29:52","Directory"
"C:\Users\sirok\mocka-core-private\.git\objects\42",,"2026/02/20 18:31:37","Directory"
"C:\Users\sirok\mocka-core-private\.git\objects\43",,"2026/02/20 18:26:45","Directory"
"C:\Users\sirok\mocka-core-private\.git\objects\44",,"2026/02/20 18:26:46","Directory"
"C:\Users\sirok\mocka-core-private\.git\objects\45",,"2026/02/20 18:26:43","Directory"
"C:\Users\sirok\mocka-core-private\.git\objects\4a",,"2026/02/20 18:26:44","Directory"
"C:\Users\sirok\mocka-core-private\.git\objects\4e",,"2026/02/20 18:33:08","Directory"
"C:\Users\sirok\mocka-core-private\.git\objects\4f",,"2026/02/20 18:26:43","Directory"
"C:\Users\sirok\mocka-core-private\.git\objects\51",,"2026/02/20 18:29:52","Directory"
"C:\Users\sirok\mocka-core-private\.git\objects\52",,"2026/02/20 18:17:17","Directory"
"C:\Users\sirok\mocka-core-private\.git\objects\55",,"2026/02/20 18:16:30","Directory"
"C:\Users\sirok\mocka-core-private\.git\objects\58",,"2026/02/20 18:26:46","Directory"
"C:\Users\sirok\mocka-core-private\.git\objects\59",,"2026/02/20 18:26:46","Directory"
"C:\Users\sirok\mocka-core-private\.git\objects\5c",,"2026/02/20 18:31:11","Directory"
"C:\Users\sirok\mocka-core-private\.git\objects\5e",,"2026/02/20 18:26:46","Directory"
"C:\Users\sirok\mocka-core-private\.git\objects\5f",,"2026/02/20 18:26:47","Directory"
"C:\Users\sirok\mocka-core-private\.git\objects\63",,"2026/02/20 18:26:45","Directory"
"C:\Users\sirok\mocka-core-private\.git\objects\66",,"2026/02/20 18:26:46","Directory"
"C:\Users\sirok\mocka-core-private\.git\objects\68",,"2026/02/20 18:26:46","Directory"
"C:\Users\sirok\mocka-core-private\.git\objects\69",,"2026/02/20 18:26:45","Directory"
"C:\Users\sirok\mocka-core-private\.git\objects\6b",,"2026/02/20 18:26:46","Directory"
"C:\Users\sirok\mocka-core-private\.git\objects\6c",,"2026/02/20 18:26:47","Directory"
"C:\Users\sirok\mocka-core-private\.git\objects\6f",,"2026/02/20 18:26:48","Directory"
"C:\Users\sirok\mocka-core-private\.git\objects\73",,"2026/02/20 18:26:43","Directory"
"C:\Users\sirok\mocka-core-private\.git\objects\74",,"2026/02/20 18:26:44","Directory"
"C:\Users\sirok\mocka-core-private\.git\objects\75",,"2026/02/20 18:26:46","Directory"
"C:\Users\sirok\mocka-core-private\.git\objects\78",,"2026/02/20 18:26:48","Directory"
"C:\Users\sirok\mocka-core-private\.git\objects\79",,"2026/02/20 18:33:08","Directory"
"C:\Users\sirok\mocka-core-private\.git\objects\7b",,"2026/02/20 18:26:47","Directory"
"C:\Users\sirok\mocka-core-private\.git\objects\7f",,"2026/02/20 18:26:46","Directory"
"C:\Users\sirok\mocka-core-private\.git\objects\80",,"2026/02/20 18:29:52","Directory"
"C:\Users\sirok\mocka-core-private\.git\objects\82",,"2026/02/20 18:26:47","Directory"
"C:\Users\sirok\mocka-core-private\.git\objects\84",,"2026/02/20 18:26:48","Directory"
"C:\Users\sirok\mocka-core-private\.git\objects\8a",,"2026/02/20 18:26:46","Directory"
"C:\Users\sirok\mocka-core-private\.git\objects\8c",,"2026/02/20 18:33:56","Directory"
"C:\Users\sirok\mocka-core-private\.git\objects\8e",,"2026/02/20 18:31:36","Directory"
"C:\Users\sirok\mocka-core-private\.git\objects\91",,"2026/02/20 18:26:44","Directory"
"C:\Users\sirok\mocka-core-private\.git\objects\92",,"2026/02/20 18:26:46","Directory"
"C:\Users\sirok\mocka-core-private\.git\objects\93",,"2026/02/20 18:33:02","Directory"
"C:\Users\sirok\mocka-core-private\.git\objects\97",,"2026/02/20 18:33:02","Directory"
"C:\Users\sirok\mocka-core-private\.git\objects\98",,"2026/02/20 18:29:53","Directory"
"C:\Users\sirok\mocka-core-private\.git\objects\99",,"2026/02/20 18:26:48","Directory"
"C:\Users\sirok\mocka-core-private\.git\objects\9a",,"2026/02/20 18:26:44","Directory"
"C:\Users\sirok\mocka-core-private\.git\objects\9e",,"2026/02/20 18:26:45","Directory"
"C:\Users\sirok\mocka-core-private\.git\objects\a1",,"2026/02/20 18:26:46","Directory"
"C:\Users\sirok\mocka-core-private\.git\objects\a3",,"2026/02/20 18:16:31","Directory"
"C:\Users\sirok\mocka-core-private\.git\objects\a6",,"2026/02/20 18:16:31","Directory"
"C:\Users\sirok\mocka-core-private\.git\objects\a7",,"2026/02/20 18:26:43","Directory"
"C:\Users\sirok\mocka-core-private\.git\objects\a8",,"2026/02/20 18:26:46","Directory"
"C:\Users\sirok\mocka-core-private\.git\objects\aa",,"2026/02/20 18:27:32","Directory"
"C:\Users\sirok\mocka-core-private\.git\objects\ab",,"2026/02/20 18:26:48","Directory"
"C:\Users\sirok\mocka-core-private\.git\objects\b1",,"2026/02/20 18:26:46","Directory"
"C:\Users\sirok\mocka-core-private\.git\objects\b6",,"2026/02/20 18:26:45","Directory"
"C:\Users\sirok\mocka-core-private\.git\objects\b8",,"2026/02/20 18:33:56","Directory"
"C:\Users\sirok\mocka-core-private\.git\objects\bc",,"2026/02/20 18:31:10","Directory"
"C:\Users\sirok\mocka-core-private\.git\objects\bd",,"2026/02/20 18:26:45","Directory"
"C:\Users\sirok\mocka-core-private\.git\objects\bf",,"2026/02/20 18:26:47","Directory"
"C:\Users\sirok\mocka-core-private\.git\objects\c1",,"2026/02/20 18:26:46","Directory"
"C:\Users\sirok\mocka-core-private\.git\objects\c2",,"2026/02/20 18:31:11","Directory"
"C:\Users\sirok\mocka-core-private\.git\objects\c4",,"2026/02/20 18:26:45","Directory"
"C:\Users\sirok\mocka-core-private\.git\objects\c6",,"2026/02/20 18:26:45","Directory"
"C:\Users\sirok\mocka-core-private\.git\objects\c8",,"2026/02/20 18:26:45","Directory"
"C:\Users\sirok\mocka-core-private\.git\objects\c9",,"2026/02/20 18:17:17","Directory"
"C:\Users\sirok\mocka-core-private\.git\objects\cb",,"2026/02/20 18:33:08","Directory"
"C:\Users\sirok\mocka-core-private\.git\objects\cd",,"2026/02/20 18:26:47","Directory"
"C:\Users\sirok\mocka-core-private\.git\objects\ce",,"2026/02/20 18:33:02","Directory"
"C:\Users\sirok\mocka-core-private\.git\objects\cf",,"2026/02/20 18:33:02","Directory"
"C:\Users\sirok\mocka-core-private\.git\objects\d0",,"2026/02/20 18:26:44","Directory"
"C:\Users\sirok\mocka-core-private\.git\objects\d1",,"2026/02/20 18:26:45","Directory"
"C:\Users\sirok\mocka-core-private\.git\objects\d4",,"2026/02/20 18:29:52","Directory"
"C:\Users\sirok\mocka-core-private\.git\objects\d9",,"2026/02/20 18:26:44","Directory"
"C:\Users\sirok\mocka-core-private\.git\objects\dc",,"2026/02/20 18:31:11","Directory"
"C:\Users\sirok\mocka-core-private\.git\objects\de",,"2026/02/20 18:26:46","Directory"
"C:\Users\sirok\mocka-core-private\.git\objects\df",,"2026/02/20 18:33:08","Directory"
"C:\Users\sirok\mocka-core-private\.git\objects\e2",,"2026/02/20 18:26:48","Directory"
"C:\Users\sirok\mocka-core-private\.git\objects\e5",,"2026/02/20 18:26:45","Directory"
"C:\Users\sirok\mocka-core-private\.git\objects\e6",,"2026/02/20 18:26:44","Directory"
"C:\Users\sirok\mocka-core-private\.git\objects\e7",,"2026/02/20 18:26:45","Directory"
"C:\Users\sirok\mocka-core-private\.git\objects\ed",,"2026/02/20 18:26:43","Directory"
"C:\Users\sirok\mocka-core-private\.git\objects\ee",,"2026/02/20 18:26:44","Directory"
"C:\Users\sirok\mocka-core-private\.git\objects\f3",,"2026/02/20 18:29:52","Directory"
"C:\Users\sirok\mocka-core-private\.git\objects\f7",,"2026/02/20 18:26:47","Directory"
"C:\Users\sirok\mocka-core-private\.git\objects\fa",,"2026/02/20 18:31:10","Directory"
"C:\Users\sirok\mocka-core-private\.git\objects\fd",,"2026/02/20 18:26:45","Directory"
"C:\Users\sirok\mocka-core-private\.git\objects\ff",,"2026/02/20 18:33:56","Directory"
"C:\Users\sirok\mocka-core-private\.git\objects\info",,"2026/02/20 18:12:42","Directory"
"C:\Users\sirok\mocka-core-private\.git\objects\pack",,"2026/02/20 18:12:42","Directory"
"C:\Users\sirok\mocka-core-private\.git\objects\01\1011a81a42a644141af71ad1e3005c613e112f","761","2026/02/20 18:26:48","ReadOnly, Archive"
"C:\Users\sirok\mocka-core-private\.git\objects\02\87845dfad89e3b43de3981ca64e96d51d8f1b6","62","2026/02/20 18:26:47","ReadOnly, Archive"
"C:\Users\sirok\mocka-core-private\.git\objects\04\29d74bb0c5a024957d32fb0d712eeab362aae4","314","2026/02/20 18:26:44","ReadOnly, Archive"
"C:\Users\sirok\mocka-core-private\.git\objects\04\52aa031b4600f2aec3b6458423753dbc47d7bd","476","2026/02/20 18:26:46","ReadOnly, Archive"
"C:\Users\sirok\mocka-core-private\.git\objects\04\821d5e97df88773671c70fd524f63267127ac3","307","2026/02/20 18:31:36","ReadOnly, Archive"
"C:\Users\sirok\mocka-core-private\.git\objects\04\cf4925ace84f279af53fa9d85aa28c86e0f16a","406","2026/02/20 18:27:32","ReadOnly, Archive"
"C:\Users\sirok\mocka-core-private\.git\objects\05\28d8bb74e3fdab140a617156b347955561326b","48","2026/02/20 18:14:35","ReadOnly, Archive"
"C:\Users\sirok\mocka-core-private\.git\objects\06\b841f77ec7b24cbb53665571aa65ffa3dbcaa8","407","2026/02/20 18:31:11","ReadOnly, Archive"
"C:\Users\sirok\mocka-core-private\.git\objects\0b\f37100fc70f5f7c676f8dba95d3829cc7e325f","86","2026/02/20 18:26:48","ReadOnly, Archive"
"C:\Users\sirok\mocka-core-private\.git\objects\10\c5d5d1aa8fa2180c357eeef8cc4b624be3298b","1445","2026/02/20 18:27:31","ReadOnly, Archive"
"C:\Users\sirok\mocka-core-private\.git\objects\15\9856f4b4787fd45a408af2091c021c1381a944","464","2026/02/20 18:26:45","ReadOnly, Archive"
"C:\Users\sirok\mocka-core-private\.git\objects\17\aaba7afb694e27895752024c9193d9decc5741","78","2026/02/20 18:31:10","ReadOnly, Archive"
"C:\Users\sirok\mocka-core-private\.git\objects\18\1d4836cf88d149170d0ad77ba6c43e1a470c33","4643","2026/02/20 18:17:17","ReadOnly, Archive"
"C:\Users\sirok\mocka-core-private\.git\objects\1a\d8c133f19c3cf6d031a7c724315a6c628093e2","760","2026/02/20 18:26:48","ReadOnly, Archive"
"C:\Users\sirok\mocka-core-private\.git\objects\1b\5d485845e459e94ab03c5979c18b63c5c964c0","238","2026/02/20 18:26:46","ReadOnly, Archive"
"C:\Users\sirok\mocka-core-private\.git\objects\1c\4bd1cb9c2dae87cceec4833d0fded7aa0d0a9a","153","2026/02/20 18:33:02","ReadOnly, Archive"
"C:\Users\sirok\mocka-core-private\.git\objects\1c\a5bd1385be49d9729919a9d360d871c1e0b5ed","3062","2026/02/20 18:26:45","ReadOnly, Archive"
"C:\Users\sirok\mocka-core-private\.git\objects\1d\e0ab231c38f8d0dfa02df063dd4d61c7d0f932","356","2026/02/20 18:26:46","ReadOnly, Archive"
"C:\Users\sirok\mocka-core-private\.git\objects\20\3c36e3529cbf481023fab979b6568965f82a0d","303","2026/02/20 18:26:44","ReadOnly, Archive"
"C:\Users\sirok\mocka-core-private\.git\objects\23\ff4e64e28419c7c585cbb81c970e3545e94ced","175","2026/02/20 18:26:48","ReadOnly, Archive"
"C:\Users\sirok\mocka-core-private\.git\objects\25\3b74e92d0d4316ffe2407df7a188e8719daba2","240","2026/02/20 18:27:32","ReadOnly, Archive"
"C:\Users\sirok\mocka-core-private\.git\objects\25\503fae160cb43d5e7cd5556b56f227c3011394","103","2026/02/20 18:26:48","ReadOnly, Archive"
"C:\Users\sirok\mocka-core-private\.git\objects\26\355acfbcab953dc17d7ad6940f3909c0f1f592","62","2026/02/20 18:26:47","ReadOnly, Archive"
"C:\Users\sirok\mocka-core-private\.git\objects\26\ae5bf7c0f7ca8f87bd54ea330868c19a678d63","288","2026/02/20 18:26:44","ReadOnly, Archive"
"C:\Users\sirok\mocka-core-private\.git\objects\29\fca3713d6d8ff788b24d472bdc00434143bd2b","63","2026/02/20 18:31:36","ReadOnly, Archive"
"C:\Users\sirok\mocka-core-private\.git\objects\2c\d79d1250dd3f45a242a2b7a470dd9f04e47584","397","2026/02/20 18:26:45","ReadOnly, Archive"
"C:\Users\sirok\mocka-core-private\.git\objects\2f\ab93ee1eecf665f28dbdc4458c3baf060c3f3f","1194","2026/02/20 18:26:45","ReadOnly, Archive"
"C:\Users\sirok\mocka-core-private\.git\objects\30\bd1f5d47e3b67da89c1328580f8a1106230af5","7204","2026/02/20 18:16:30","ReadOnly, Archive"
"C:\Users\sirok\mocka-core-private\.git\objects\35\8e7d68aaa889578ceddcbbdefc4e7070f98e71","657","2026/02/20 18:26:46","ReadOnly, Archive"
"C:\Users\sirok\mocka-core-private\.git\objects\35\de72eb0d82c0e875fac31b027f6b595ca06d4b","50","2026/02/20 18:29:52","ReadOnly, Archive"
"C:\Users\sirok\mocka-core-private\.git\objects\36\2c5c8a902973e7827564e96911963a2d7d470c","430","2026/02/20 18:26:43","ReadOnly, Archive"
"C:\Users\sirok\mocka-core-private\.git\objects\3b\2892e2d9ac0f3d2fe9763e5b3bbefb3746b65d","43","2026/02/20 18:29:52","ReadOnly, Archive"
"C:\Users\sirok\mocka-core-private\.git\objects\42\56930e7990b6284697a22073bd1087808543f4","447","2026/02/20 18:26:44","ReadOnly, Archive"
"C:\Users\sirok\mocka-core-private\.git\objects\42\7ca108990e8bdf1398cd88b0f4fea01f4b7791","109","2026/02/20 18:16:31","ReadOnly, Archive"
"C:\Users\sirok\mocka-core-private\.git\objects\42\edbbc6d5f29df0d6a68b6e3e87a9b93aab8063","401","2026/02/20 18:31:36","ReadOnly, Archive"
"C:\Users\sirok\mocka-core-private\.git\objects\43\001b7b9c2e38372b84b18405b8ec84a21f03d0","1187","2026/02/20 18:26:45","ReadOnly, Archive"
"C:\Users\sirok\mocka-core-private\.git\objects\44\48d039008b496e549171c324134d5aac7481ca","2923","2026/02/20 18:26:46","ReadOnly, Archive"
"C:\Users\sirok\mocka-core-private\.git\objects\45\4c9db43a0438cb6d3ce4e93d316aa698c819d6","371","2026/02/20 18:26:43","ReadOnly, Archive"
"C:\Users\sirok\mocka-core-private\.git\objects\45\6f51836b071424159403ae1601268fd48a62c4","68","2026/02/20 18:14:35","ReadOnly, Archive"
"C:\Users\sirok\mocka-core-private\.git\objects\4a\864373a7657040f0bf7b43c7fecea3f8517877","1139","2026/02/20 18:26:44","ReadOnly, Archive"
"C:\Users\sirok\mocka-core-private\.git\objects\4e\53d4d1edd93d6641b28573e9e8ab0f6560a0a0","282","2026/02/20 18:33:08","ReadOnly, Archive"
"C:\Users\sirok\mocka-core-private\.git\objects\4f\8304c22737cf6a456f1ea1e8d1dfa49da17abf","264","2026/02/20 18:26:43","ReadOnly, Archive"
"C:\Users\sirok\mocka-core-private\.git\objects\51\0f5d1c3ee9c01be61398cd242d2ecca9759737","83","2026/02/20 18:29:52","ReadOnly, Archive"
"C:\Users\sirok\mocka-core-private\.git\objects\52\cdd18713f1b54f8f8acae681e2004779e9a801","119","2026/02/20 18:17:17","ReadOnly, Archive"
"C:\Users\sirok\mocka-core-private\.git\objects\55\46f30e69f37fe5528ae7a9e647ed07ac765ee9","5914","2026/02/20 18:16:30","ReadOnly, Archive"
"C:\Users\sirok\mocka-core-private\.git\objects\58\47fe82d23e9e23b941c64c24b51c9691b02281","1085","2026/02/20 18:26:45","ReadOnly, Archive"
"C:\Users\sirok\mocka-core-private\.git\objects\58\cc009a6f2158b08c4aa9429b2d90eb9a8d41c5","3590","2026/02/20 18:26:46","ReadOnly, Archive"
"C:\Users\sirok\mocka-core-private\.git\objects\59\567ac1917d6c7faf4cb36dfb8e32f5eb2ed664","1325","2026/02/20 18:26:46","ReadOnly, Archive"
"C:\Users\sirok\mocka-core-private\.git\objects\5c\37b5f67893b78ca953b67566ea0fd16dab324e","54","2026/02/20 18:31:10","ReadOnly, Archive"
"C:\Users\sirok\mocka-core-private\.git\objects\5c\dd058915db16fca820453b9b79a14377756f30","408","2026/02/20 18:26:45","ReadOnly, Archive"
"C:\Users\sirok\mocka-core-private\.git\objects\5e\18040655d341792e498de71519740890499588","1000","2026/02/20 18:26:46","ReadOnly, Archive"
"C:\Users\sirok\mocka-core-private\.git\objects\5e\4a44e02e7f014b724aefe2b052ae6d74673111","1986","2026/02/20 18:26:46","ReadOnly, Archive"
"C:\Users\sirok\mocka-core-private\.git\objects\5f\7ce934eb475eb19a5228a33efa3b90c63ca34a","48","2026/02/20 18:26:47","ReadOnly, Archive"
"C:\Users\sirok\mocka-core-private\.git\objects\63\f09d1a7778d9cef57daabb7e4d26a1f5c9f7ff","1823","2026/02/20 18:26:45","ReadOnly, Archive"
"C:\Users\sirok\mocka-core-private\.git\objects\66\526854c8e1a9381ea1971ac74b33f51b1cf1b1","1035","2026/02/20 18:26:46","ReadOnly, Archive"
"C:\Users\sirok\mocka-core-private\.git\objects\68\22fc683a2a50fce0c8d9703a2e40f754af537f","699","2026/02/20 18:26:46","ReadOnly, Archive"
"C:\Users\sirok\mocka-core-private\.git\objects\68\f52c0e1461b7341050f56b1b48a8ec9c579dcd","568","2026/02/20 18:26:44","ReadOnly, Archive"
"C:\Users\sirok\mocka-core-private\.git\objects\69\07f7eb4c10ed385a4fb89f47db16063600207e","466","2026/02/20 18:26:45","ReadOnly, Archive"
"C:\Users\sirok\mocka-core-private\.git\objects\69\7d11617fb68770d67833e2817f75dd89eb818e","9148","2026/02/20 18:26:45","ReadOnly, Archive"
"C:\Users\sirok\mocka-core-private\.git\objects\69\caa3dacbfcae7dbb626c428fc62a72049acaa6","1762","2026/02/20 18:26:45","ReadOnly, Archive"
"C:\Users\sirok\mocka-core-private\.git\objects\6b\478ee45dfbd2d184731b6c0127a176a8454ced","734","2026/02/20 18:26:46","ReadOnly, Archive"
"C:\Users\sirok\mocka-core-private\.git\objects\6c\50891e64da2ef310d2394d0d99181f6d094c60","64","2026/02/20 18:26:47","ReadOnly, Archive"
"C:\Users\sirok\mocka-core-private\.git\objects\6f\015923be29b76105816cfa9bb898ca2f8d0bdf","60","2026/02/20 18:26:48","ReadOnly, Archive"
"C:\Users\sirok\mocka-core-private\.git\objects\73\621c063cfcf46622500b5aefcc698409227ef4","1052","2026/02/20 18:26:46","ReadOnly, Archive"
"C:\Users\sirok\mocka-core-private\.git\objects\74\60ba23bc506b2705aef0c891b76eee24c94aaa","313","2026/02/20 18:26:44","ReadOnly, Archive"
"C:\Users\sirok\mocka-core-private\.git\objects\75\c015851f863c4d643fcb6e00d1cc14823e5eef","1861","2026/02/20 18:26:46","ReadOnly, Archive"
"C:\Users\sirok\mocka-core-private\.git\objects\78\773c592311a8c1bf7ffb538b6ee6ba80c7ba9c","153","2026/02/20 18:26:48","ReadOnly, Archive"
"C:\Users\sirok\mocka-core-private\.git\objects\79\d97494429df9d0a06277a939bd84886081e3c1","173","2026/02/20 18:33:08","ReadOnly, Archive"
"C:\Users\sirok\mocka-core-private\.git\objects\7b\0527554c3f0226f02040c73120775b68fdd27b","45","2026/02/20 18:26:47","ReadOnly, Archive"
"C:\Users\sirok\mocka-core-private\.git\objects\7f\c4458d1d0cb3ed759e15ebd13137621f1daee1","14620","2026/02/20 18:26:46","ReadOnly, Archive"
"C:\Users\sirok\mocka-core-private\.git\objects\80\f655d37b5cdb434cfce572e039e56092c91974","45","2026/02/20 18:29:51","ReadOnly, Archive"
"C:\Users\sirok\mocka-core-private\.git\objects\82\6ef70d1076ab13d1d57043318ee75ac5653e8b","150","2026/02/20 18:26:45","ReadOnly, Archive"
"C:\Users\sirok\mocka-core-private\.git\objects\82\9a9acc6ab20dfe2e28eca0af4817bf3e6387d9","491","2026/02/20 18:26:47","ReadOnly, Archive"
"C:\Users\sirok\mocka-core-private\.git\objects\84\569f5f69ea4f927a83437cd206eda911496d97","1847","2026/02/20 18:26:46","ReadOnly, Archive"
"C:\Users\sirok\mocka-core-private\.git\objects\84\c74c7c879f2b9391e13329c4df0d2712067aec","240","2026/02/20 18:26:48","ReadOnly, Archive"
"C:\Users\sirok\mocka-core-private\.git\objects\8a\0642b9e30c2fb33785b931a635fb80a356bf1b","1812","2026/02/20 18:26:45","ReadOnly, Archive"
"C:\Users\sirok\mocka-core-private\.git\objects\8c\2349a4946eb182281536dda9bff272a23db79b","390","2026/02/20 18:33:56","ReadOnly, Archive"
"C:\Users\sirok\mocka-core-private\.git\objects\8e\7768aae9d17cfca96da904e77f91d875b080ea","237","2026/02/20 18:31:36","ReadOnly, Archive"
"C:\Users\sirok\mocka-core-private\.git\objects\91\086730f1d191e94c7447094b24afbd8521b0c7","272","2026/02/20 18:26:44","ReadOnly, Archive"
"C:\Users\sirok\mocka-core-private\.git\objects\92\184dd0cbb49e199f26033581de02ffd22af40f","1135","2026/02/20 18:26:46","ReadOnly, Archive"
"C:\Users\sirok\mocka-core-private\.git\objects\92\9c20b9cc34d7ca513dc38b8652c89666fc41d1","391","2026/02/20 18:17:17","ReadOnly, Archive"
"C:\Users\sirok\mocka-core-private\.git\objects\93\2a13e3b1454b51b339671d86ab4353c2990e65","400","2026/02/20 18:33:02","ReadOnly, Archive"
"C:\Users\sirok\mocka-core-private\.git\objects\97\d19011b917fb1394b506411a99804b7ef3cad7","101","2026/02/20 18:33:02","ReadOnly, Archive"
"C:\Users\sirok\mocka-core-private\.git\objects\98\3003783b580be8b410a89900cdb1540ca8a494","397","2026/02/20 18:29:52","ReadOnly, Archive"
"C:\Users\sirok\mocka-core-private\.git\objects\99\6ba4988d73083963dfd805a67818432a393b91","40412","2026/02/20 18:26:46","ReadOnly, Archive"
"C:\Users\sirok\mocka-core-private\.git\objects\99\8a837f9ec7fb370a80870a6579495922cd65a8","398","2026/02/20 18:26:48","ReadOnly, Archive"
"C:\Users\sirok\mocka-core-private\.git\objects\99\da90788c0565f6898e5966e06ae5b8b6007117","62","2026/02/20 18:26:47","ReadOnly, Archive"
"C:\Users\sirok\mocka-core-private\.git\objects\99\f1990f73e05cc1f28830479efdcad983d3afee","1251","2026/02/20 18:26:46","ReadOnly, Archive"
"C:\Users\sirok\mocka-core-private\.git\objects\9a\b1a8aa7cde9b12532b4ce3a52a11d76006f50b","661","2026/02/20 18:26:44","ReadOnly, Archive"
"C:\Users\sirok\mocka-core-private\.git\objects\9e\bce231b365382285ac94b37d4e3fff8f92aeab","1726","2026/02/20 18:26:45","ReadOnly, Archive"
"C:\Users\sirok\mocka-core-private\.git\objects\a1\02f41b5354b46885009776825909d0d5256584","919","2026/02/20 18:26:46","ReadOnly, Archive"
"C:\Users\sirok\mocka-core-private\.git\objects\a3\1c7984affc8940acaeb4bdf5b9c796873e7840","120","2026/02/20 18:16:31","ReadOnly, Archive"
"C:\Users\sirok\mocka-core-private\.git\objects\a6\0acbfbd9a4edc4fb85130f8bd2362d45821901","407","2026/02/20 18:16:31","ReadOnly, Archive"
"C:\Users\sirok\mocka-core-private\.git\objects\a7\553430e10c3e0930c17fd9bbef89862126e673","306","2026/02/20 18:26:43","ReadOnly, Archive"
"C:\Users\sirok\mocka-core-private\.git\objects\a8\ba93553ac0600ba2cb05aaaf3253dc3a56d38d","1246","2026/02/20 18:26:46","ReadOnly, Archive"
"C:\Users\sirok\mocka-core-private\.git\objects\aa\016dda28904beb0b675d27e77f87a8dc3ee0a2","245","2026/02/20 18:27:32","ReadOnly, Archive"
"C:\Users\sirok\mocka-core-private\.git\objects\aa\5a1396feedf77dd70b339891d6b58d05422354","68","2026/02/20 18:26:48","ReadOnly, Archive"
"C:\Users\sirok\mocka-core-private\.git\objects\ab\01bed190c2d830f75c7b943af473506c1bac46","1510","2026/02/20 18:26:45","ReadOnly, Archive"
"C:\Users\sirok\mocka-core-private\.git\objects\ab\5d3dfd59d09e096186069cb9402e72c4cf3ca0","330","2026/02/20 18:26:48","ReadOnly, Archive"
"C:\Users\sirok\mocka-core-private\.git\objects\b1\b1530d28b0a6e1ff344b4cc897cd870ab730f1","350","2026/02/20 18:26:46","ReadOnly, Archive"
"C:\Users\sirok\mocka-core-private\.git\objects\b6\028b3adf9662779aa59c2de5ee002265538d11","1498","2026/02/20 18:26:45","ReadOnly, Archive"
"C:\Users\sirok\mocka-core-private\.git\objects\b8\abd1b27dccea5045e3e2555315aa0a37fb132e","341","2026/02/20 18:33:56","ReadOnly, Archive"
"C:\Users\sirok\mocka-core-private\.git\objects\bc\7d7784ea58e6dd7ae8f9194009e73e6e814f59","2306","2026/02/20 18:26:46","ReadOnly, Archive"
"C:\Users\sirok\mocka-core-private\.git\objects\bc\d414d044c1e16703ed23e4a029085739de343e","67","2026/02/20 18:31:10","ReadOnly, Archive"
"C:\Users\sirok\mocka-core-private\.git\objects\bd\013f3e941f129809e7dc0c360839360985237b","1023","2026/02/20 18:26:45","ReadOnly, Archive"
"C:\Users\sirok\mocka-core-private\.git\objects\bd\99447678299af6857b431c1cc8f36f94afa494","87","2026/02/20 18:14:35","ReadOnly, Archive"
"C:\Users\sirok\mocka-core-private\.git\objects\bd\f29d53144e01f10dc0591a3bc7cfdc4646040f","1159","2026/02/20 18:26:44","ReadOnly, Archive"
"C:\Users\sirok\mocka-core-private\.git\objects\bf\7eb8459915745af04aac2b6ff3fc06c53dc090","68","2026/02/20 18:26:47","ReadOnly, Archive"
"C:\Users\sirok\mocka-core-private\.git\objects\bf\fef0d83e5477cb3c892e9d77c1e7365378ce10","64","2026/02/20 18:26:47","ReadOnly, Archive"
"C:\Users\sirok\mocka-core-private\.git\objects\c1\37963f6e9baf0ed1d5de4cd1fe8c05a3ad8f1e","13761","2026/02/20 18:26:46","ReadOnly, Archive"
"C:\Users\sirok\mocka-core-private\.git\objects\c2\8179334b3ddd53e2dddd1694af1885805872d9","280","2026/02/20 18:31:11","ReadOnly, Archive"
"C:\Users\sirok\mocka-core-private\.git\objects\c4\14a60f17b7f00d85fd47b80bc2e25d834912ca","519","2026/02/20 18:26:45","ReadOnly, Archive"
"C:\Users\sirok\mocka-core-private\.git\objects\c4\fb7a4fa39040355a1d9a2217ff7b752ffef95a","363","2026/02/20 18:14:44","ReadOnly, Archive"
"C:\Users\sirok\mocka-core-private\.git\objects\c6\3efa142624d4d5a69ef803d87beca820a52926","1645","2026/02/20 18:26:45","ReadOnly, Archive"
"C:\Users\sirok\mocka-core-private\.git\objects\c8\7eccf7ef30715e58dd523887f80bdc2ed02a32","1157","2026/02/20 18:26:45","ReadOnly, Archive"
"C:\Users\sirok\mocka-core-private\.git\objects\c9\d9702714cb8737f1636d44780fd3045513c6cf","146","2026/02/20 18:17:17","ReadOnly, Archive"
"C:\Users\sirok\mocka-core-private\.git\objects\cb\8eb0dd56ce0b29193ff689126a37b03a90ab80","389","2026/02/20 18:33:08","ReadOnly, Archive"
"C:\Users\sirok\mocka-core-private\.git\objects\cd\f9e10efd784b5841a29e28428d7cbc2af2067c","138","2026/02/20 18:26:47","ReadOnly, Archive"
"C:\Users\sirok\mocka-core-private\.git\objects\ce\6fbece7dc08b606f7ab1d4e7c662a4cdc5bbbd","307","2026/02/20 18:33:02","ReadOnly, Archive"
"C:\Users\sirok\mocka-core-private\.git\objects\cf\e5cbbcf7dd73a49be571331f2ea6da81d11e36","83","2026/02/20 18:33:02","ReadOnly, Archive"
"C:\Users\sirok\mocka-core-private\.git\objects\d0\79c437a4accccbe8bec12c5863858f8e5ffc4a","342","2026/02/20 18:26:44","ReadOnly, Archive"
"C:\Users\sirok\mocka-core-private\.git\objects\d0\cb6a7b5bac8afa3245f7d33a3a2d8c219eea87","426","2026/02/20 18:26:44","ReadOnly, Archive"
"C:\Users\sirok\mocka-core-private\.git\objects\d1\0ab68c6b2e0fdd349d3033cfbfc9044c451f46","584","2026/02/20 18:26:44","ReadOnly, Archive"
"C:\Users\sirok\mocka-core-private\.git\objects\d1\0f33eabc78ef6a856e3e7044150628baa75544","393","2026/02/20 18:26:45","ReadOnly, Archive"
"C:\Users\sirok\mocka-core-private\.git\objects\d4\1eaf16d5d4c4876ef8ad722a658919e5ce9285","280","2026/02/20 18:29:52","ReadOnly, Archive"
"C:\Users\sirok\mocka-core-private\.git\objects\d9\a1938f7b05ebd7913855ee1864c2d2aa75562a","265","2026/02/20 18:26:44","ReadOnly, Archive"
"C:\Users\sirok\mocka-core-private\.git\objects\dc\b064cbb606f46f5a8321b043b8bf7c58fce5ac","83","2026/02/20 18:31:11","ReadOnly, Archive"
"C:\Users\sirok\mocka-core-private\.git\objects\de\078fffee360c509cde2dde79310ddd61697bb6","498","2026/02/20 18:26:46","ReadOnly, Archive"
"C:\Users\sirok\mocka-core-private\.git\objects\df\16dc0a58fe0d0cadb79e334305d7e90ff0967f","307","2026/02/20 18:33:08","ReadOnly, Archive"
"C:\Users\sirok\mocka-core-private\.git\objects\e2\a5d061c96235c9ac6d358c39d66651c8721289","67","2026/02/20 18:26:48","ReadOnly, Archive"
"C:\Users\sirok\mocka-core-private\.git\objects\e2\d38046f2e136d10d8abab498cd73cf36bc5678","1455","2026/02/20 18:26:46","ReadOnly, Archive"
"C:\Users\sirok\mocka-core-private\.git\objects\e5\2cc51f362fcdeb57b2c72914e271434be32cb9","2299","2026/02/20 18:26:45","ReadOnly, Archive"
"C:\Users\sirok\mocka-core-private\.git\objects\e6\9de29bb2d1d6434b8b29ae775ad8c2e48c5391","15","2026/02/20 18:26:44","ReadOnly, Archive"
"C:\Users\sirok\mocka-core-private\.git\objects\e7\8145ae1f2d1f6ba8b1886367618396aca17627","4006","2026/02/20 18:26:45","ReadOnly, Archive"
"C:\Users\sirok\mocka-core-private\.git\objects\e7\98fbac0299f9f5127c349f0361368f78dbd27a","401","2026/02/20 18:26:45","ReadOnly, Archive"
"C:\Users\sirok\mocka-core-private\.git\objects\ed\716f91ab1170c75643568cb01304bcc5de6610","311","2026/02/20 18:26:43","ReadOnly, Archive"
"C:\Users\sirok\mocka-core-private\.git\objects\ee\0da49799cc2b6fe4ee8748020a1feefa162bba","429","2026/02/20 18:26:44","ReadOnly, Archive"
"C:\Users\sirok\mocka-core-private\.git\objects\ee\4b30d8fb5fd7452776216ff8d77649d19de0a9","615","2026/02/20 18:26:46","ReadOnly, Archive"
"C:\Users\sirok\mocka-core-private\.git\objects\f3\ca060798c44058a1be14ba1dc81650fad4fcc6","50","2026/02/20 18:29:52","ReadOnly, Archive"
"C:\Users\sirok\mocka-core-private\.git\objects\f7\108942010b0d06596281f1837870108d7d245c","62","2026/02/20 18:26:47","ReadOnly, Archive"
"C:\Users\sirok\mocka-core-private\.git\objects\fa\64bef492ccdeaee70e0cc26795914c897b868a","54","2026/02/20 18:31:10","ReadOnly, Archive"
"C:\Users\sirok\mocka-core-private\.git\objects\fa\c009bb932c29b84e25c54f14e064b165d8d2b4","209","2026/02/20 18:26:48","ReadOnly, Archive"
"C:\Users\sirok\mocka-core-private\.git\objects\fd\dea153ebb0ffca3c1efb2e374ac22a8040f6ed","1585","2026/02/20 18:26:45","ReadOnly, Archive"
"C:\Users\sirok\mocka-core-private\.git\objects\ff\06ea83be97462cff184c3f1eab9267c6026714","57","2026/02/20 18:33:56","ReadOnly, Archive"
"C:\Users\sirok\mocka-core-private\.git\refs\heads",,"2026/02/20 18:33:56","Directory"
"C:\Users\sirok\mocka-core-private\.git\refs\remotes",,"2026/02/20 18:14:49","Directory"
"C:\Users\sirok\mocka-core-private\.git\refs\tags",,"2026/02/20 18:12:43","Directory"
"C:\Users\sirok\mocka-core-private\.git\refs\heads\main","41","2026/02/20 18:33:56","Archive"
"C:\Users\sirok\mocka-core-private\.git\refs\remotes\origin",,"2026/02/20 18:33:58","Directory"
"C:\Users\sirok\mocka-core-private\.git\refs\remotes\origin\main","41","2026/02/20 18:33:58","Archive"
"C:\Users\sirok\mocka-core-private\app\src",,"2026/02/20 18:18:15","Directory"
"C:\Users\sirok\mocka-core-private\app\src\runner",,"2026/02/20 18:18:15","Directory"
"C:\Users\sirok\mocka-core-private\app\src\runner\docs",,"2026/02/20 18:18:15","Directory"
"C:\Users\sirok\mocka-core-private\app\src\runner\ops",,"2026/02/20 18:18:15","Directory"
"C:\Users\sirok\mocka-core-private\app\src\runner\db_migrate_add_last_error_class.py","557","2026/02/16 11:03:00","Archive"
"C:\Users\sirok\mocka-core-private\app\src\runner\db_schema_dump.py","566","2026/02/16 11:05:03","Archive"
"C:\Users\sirok\mocka-core-private\app\src\runner\env_probe.py","848","2026/02/16 9:46:56","Archive"
"C:\Users\sirok\mocka-core-private\app\src\runner\retry_worker_runner.py","1358","2026/02/16 11:45:41","Archive"
"C:\Users\sirok\mocka-core-private\app\src\runner\run_infield_retry_worker.cmd","1725","2026/02/17 11:24:19","Archive"
"C:\Users\sirok\mocka-core-private\app\src\runner\run_mocka_dispatch.cmd","548","2026/02/16 10:52:10","Archive"
"C:\Users\sirok\mocka-core-private\app\src\runner\run_outfield_retry_worker.cmd","728","2026/02/16 10:43:59","Archive"
"C:\Users\sirok\mocka-core-private\app\src\runner\run_retry_worker.cmd","725","2026/02/16 10:19:54","Archive"
"C:\Users\sirok\mocka-core-private\app\src\runner\_check_retry_queue.py","315","2026/02/16 18:51:50","Archive"
"C:\Users\sirok\mocka-core-private\app\src\runner\_check_retry_state.py","397","2026/02/16 19:05:44","Archive"
"C:\Users\sirok\mocka-core-private\app\src\runner\_inject_retry_test.py","645","2026/02/16 18:58:35","Archive"
"C:\Users\sirok\mocka-core-private\app\src\runner\docs\CHANGELOG_INFIELD.md","519","2026/02/17 16:53:46","Archive"
"C:\Users\sirok\mocka-core-private\app\src\runner\docs\INFIELD_RETRY_WORKER_SPEC.md","1985","2026/02/17 16:53:46","Archive"
"C:\Users\sirok\mocka-core-private\app\src\runner\docs\OPERATIONS.md","1046","2026/02/17 16:53:46","Archive"
"C:\Users\sirok\mocka-core-private\app\src\runner\docs\SSOT.md","1243","2026/02/17 16:53:46","Archive"
"C:\Users\sirok\mocka-core-private\app\src\runner\ops\add_ssot_infield.ps1","2930","2026/02/17 16:56:26","Archive"
"C:\Users\sirok\mocka-core-private\app\src\runner\ops\check_infield.ps1","2576","2026/02/17 16:59:13","Archive"
"C:\Users\sirok\mocka-core-private\app\src\runner\ops\entrypoint_guard.py","308","2026/02/17 16:53:47","Archive"
"C:\Users\sirok\mocka-core-private\contracts_client\contracts",,"2026/02/20 18:28:56","Directory"
"C:\Users\sirok\mocka-core-private\contracts_client\schemas",,"2026/02/20 18:32:32","Directory"
"C:\Users\sirok\mocka-core-private\contracts_client\contracts\README.md","52","2026/02/20 18:30:18","Archive"
"C:\Users\sirok\mocka-core-private\contracts_client\schemas\audit_event.schema.json","270","2026/02/20 18:32:24","Archive"
"C:\Users\sirok\mocka-core-private\contracts_client\schemas\README.md","64","2026/02/20 18:30:18","Archive"
"C:\Users\sirok\mocka-core-private\infield\ledger",,"2026/02/20 18:18:15","Directory"
"C:\Users\sirok\mocka-core-private\infield\logs",,"2026/02/20 18:18:15","Directory"
"C:\Users\sirok\mocka-core-private\infield\phase11",,"2026/02/20 18:18:15","Directory"
"C:\Users\sirok\mocka-core-private\infield\phase5_docs",,"2026/02/20 18:18:15","Directory"
"C:\Users\sirok\mocka-core-private\infield\phase6_ops",,"2026/02/20 18:18:15","Directory"
"C:\Users\sirok\mocka-core-private\infield\phase7_ops_mocka",,"2026/02/20 18:18:15","Directory"
"C:\Users\sirok\mocka-core-private\infield\state",,"2026/02/20 18:18:15","Directory"
"C:\Users\sirok\mocka-core-private\infield\field_player.py","3057","2026/02/18 16:37:21","Archive"
"C:\Users\sirok\mocka-core-private\infield\main_loop.py","2438","2026/02/20 11:06:12","Archive"
"C:\Users\sirok\mocka-core-private\infield\_check_deadletter.py","324","2026/02/17 11:34:47","Archive"
"C:\Users\sirok\mocka-core-private\infield\_check_deadletter_now.py","324","2026/02/17 11:38:24","Archive"
"C:\Users\sirok\mocka-core-private\infield\_check_locktest.py","404","2026/02/17 9:53:01","Archive"
"C:\Users\sirok\mocka-core-private\infield\_fix_next_retry_at.py","462","2026/02/17 9:52:53","Archive"
"C:\Users\sirok\mocka-core-private\infield\_fix_time_format_retry_queue.py","504","2026/02/17 10:55:00","Archive"
"C:\Users\sirok\mocka-core-private\infield\_force_due_one.py","1151","2026/02/17 11:30:07","Archive"
"C:\Users\sirok\mocka-core-private\infield\_inspect_retry_queue.py","746","2026/02/17 9:16:32","Archive"
"C:\Users\sirok\mocka-core-private\infield\_make_stuck_processing.py","711","2026/02/17 10:07:36","Archive"
"C:\Users\sirok\mocka-core-private\infield\_prep_deadletter_test.py","608","2026/02/17 11:34:32","Archive"
"C:\Users\sirok\mocka-core-private\infield\_retry_queue_healthcheck.py","1074","2026/02/17 10:11:55","Archive"
"C:\Users\sirok\mocka-core-private\infield\_seed_locktest.py","625","2026/02/17 9:43:59","Archive"
"C:\Users\sirok\mocka-core-private\infield\_seed_locktest_sqltime.py","613","2026/02/17 10:03:12","Archive"
"C:\Users\sirok\mocka-core-private\infield\_stat_retry_queue.py","967","2026/02/17 10:55:07","Archive"
"C:\Users\sirok\mocka-core-private\infield\_which_replan_bridge.py","163","2026/02/17 11:05:08","Archive"
"C:\Users\sirok\mocka-core-private\infield\__init__.py","0","2026/02/20 11:01:45","Archive"
"C:\Users\sirok\mocka-core-private\infield\ledger\infield_ledger.jsonl","1097","2026/02/15 10:41:30","Archive"
"C:\Users\sirok\mocka-core-private\infield\logs\env_probe.json","831","2026/02/16 10:15:57","Archive"
"C:\Users\sirok\mocka-core-private\infield\phase11\backup",,"2026/02/20 18:18:15","Directory"
"C:\Users\sirok\mocka-core-private\infield\phase11\db",,"2026/02/20 18:18:15","Directory"
"C:\Users\sirok\mocka-core-private\infield\phase11\gateway_audit_search.py","2870","2026/02/20 9:53:29","Archive"
"C:\Users\sirok\mocka-core-private\infield\phase11\gateway_backup_search.py","4229","2026/02/19 17:49:46","Archive"
"C:\Users\sirok\mocka-core-private\infield\phase11\gateway_get.py","2724","2026/02/19 12:18:31","Archive"
"C:\Users\sirok\mocka-core-private\infield\phase11\gateway_get_batch.py","7924","2026/02/19 12:55:27","Archive"
"C:\Users\sirok\mocka-core-private\infield\phase11\gateway_save.py","4429","2026/02/19 11:39:15","Archive"
"C:\Users\sirok\mocka-core-private\infield\phase11\gateway_save_batch.py","4710","2026/02/19 11:57:35","Archive"
"C:\Users\sirok\mocka-core-private\infield\phase11\gateway_save_fast.py","4903","2026/02/19 11:55:57","Archive"
"C:\Users\sirok\mocka-core-private\infield\phase11\gateway_save_profile.py","3623","2026/02/19 11:54:49","Archive"
"C:\Users\sirok\mocka-core-private\infield\phase11\gateway_search.py","2908","2026/02/19 11:39:20","Archive"
"C:\Users\sirok\mocka-core-private\infield\phase11\gateway_searchget.py","4845","2026/02/19 13:00:55","Archive"
"C:\Users\sirok\mocka-core-private\infield\phase11\gateway_search_fast.py","4443","2026/02/19 13:05:44","Archive"
"C:\Users\sirok\mocka-core-private\infield\phase11\ids.txt","594","2026/02/19 12:52:57","Archive"
"C:\Users\sirok\mocka-core-private\infield\phase11\ingest_outbox.py","7371","2026/02/20 10:06:19","Archive"
"C:\Users\sirok\mocka-core-private\infield\phase11\knowledge.db","151552","2026/02/19 12:13:58","Archive"
"C:\Users\sirok\mocka-core-private\infield\phase11\mocka_phase11.ps1","3517","2026/02/19 18:01:29","Archive"
"C:\Users\sirok\mocka-core-private\infield\phase11\mocka_restore.ps1","2515","2026/02/19 17:49:46","Archive"
"C:\Users\sirok\mocka-core-private\infield\phase11\outbox_watch_ingest.py","3221","2026/02/20 9:55:41","Archive"
"C:\Users\sirok\mocka-core-private\infield\phase11\raw_events.jsonl","46889","2026/02/19 12:13:58","Archive"
"C:\Users\sirok\mocka-core-private\infield\phase11\safe_edit.ps1","1503","2026/02/20 10:31:16","Archive"
"C:\Users\sirok\mocka-core-private\infield\phase11\safe_restore.ps1","1266","2026/02/20 10:33:11","Archive"
"C:\Users\sirok\mocka-core-private\infield\phase11\structured.csv","32781","2026/02/19 12:13:58","Archive"
"C:\Users\sirok\mocka-core-private\infield\phase11\backup\20260219_094323",,"2026/02/20 18:18:15","Directory"
"C:\Users\sirok\mocka-core-private\infield\phase11\backup\20260219_173037",,"2026/02/20 18:18:15","Directory"
"C:\Users\sirok\mocka-core-private\infield\phase11\backup\20260219_173105",,"2026/02/20 18:18:15","Directory"
"C:\Users\sirok\mocka-core-private\infield\phase11\backup\20260219_173134",,"2026/02/20 18:18:15","Directory"
"C:\Users\sirok\mocka-core-private\infield\phase11\backup\20260219_173414",,"2026/02/20 18:18:15","Directory"
"C:\Users\sirok\mocka-core-private\infield\phase11\backup\20260219_173743",,"2026/02/20 18:18:15","Directory"
"C:\Users\sirok\mocka-core-private\infield\phase11\backup\20260219_173845",,"2026/02/20 18:18:15","Directory"
"C:\Users\sirok\mocka-core-private\infield\phase11\backup\20260219_173849",,"2026/02/20 18:18:15","Directory"
"C:\Users\sirok\mocka-core-private\infield\phase11\backup\20260219_174349",,"2026/02/20 18:18:15","Directory"
"C:\Users\sirok\mocka-core-private\infield\phase11\backup\20260219_174514",,"2026/02/20 18:18:15","Directory"
"C:\Users\sirok\mocka-core-private\infield\phase11\backup\20260219_174918",,"2026/02/20 18:18:15","Directory"
"C:\Users\sirok\mocka-core-private\infield\phase11\backup\20260219_175905",,"2026/02/20 18:18:15","Directory"
"C:\Users\sirok\mocka-core-private\infield\phase11\backup\20260219_180022",,"2026/02/20 18:18:15","Directory"
"C:\Users\sirok\mocka-core-private\infield\phase11\backup\20260219_181144",,"2026/02/20 18:18:15","Directory"
"C:\Users\sirok\mocka-core-private\infield\phase11\backup\20260219_181804",,"2026/02/20 18:18:15","Directory"
"C:\Users\sirok\mocka-core-private\infield\phase11\backup\20260219_182042",,"2026/02/20 18:18:15","Directory"
"C:\Users\sirok\mocka-core-private\infield\phase11\backup\20260220_002024",,"2026/02/20 18:18:15","Directory"
"C:\Users\sirok\mocka-core-private\infield\phase11\backup\20260220_002206",,"2026/02/20 18:18:15","Directory"
"C:\Users\sirok\mocka-core-private\infield\phase11\backup\20260220_003208",,"2026/02/20 18:18:15","Directory"
"C:\Users\sirok\mocka-core-private\infield\phase11\backup\20260220_003426",,"2026/02/20 18:18:15","Directory"
"C:\Users\sirok\mocka-core-private\infield\phase11\backup\20260219_094323\gateway_audit_search.py","11189","2026/02/19 18:40:27","Archive"
"C:\Users\sirok\mocka-core-private\infield\phase11\backup\20260219_173037\mocka_phase11.ps1","1327","2026/02/19 12:24:50","Archive"
"C:\Users\sirok\mocka-core-private\infield\phase11\backup\20260219_173105\mocka_phase11.ps1","1327","2026/02/19 12:24:50","Archive"
"C:\Users\sirok\mocka-core-private\infield\phase11\backup\20260219_173134\mocka_phase11.ps1","1327","2026/02/19 12:24:50","Archive"
"C:\Users\sirok\mocka-core-private\infield\phase11\backup\20260219_173414\mocka_phase11.ps1","4409","2026/02/19 17:33:07","Archive"
"C:\Users\sirok\mocka-core-private\infield\phase11\backup\20260219_173743\gateway_searchget.py","4845","2026/02/19 13:00:55","Archive"
"C:\Users\sirok\mocka-core-private\infield\phase11\backup\20260219_173845\gateway_searchget.py","4845","2026/02/19 13:00:55","Archive"
"C:\Users\sirok\mocka-core-private\infield\phase11\backup\20260219_173849\gateway_searchget.py","4845","2026/02/19 13:00:55","Archive"
"C:\Users\sirok\mocka-core-private\infield\phase11\backup\20260219_174349\mocka_phase11.ps1","4409","2026/02/19 17:33:07","Archive"
"C:\Users\sirok\mocka-core-private\infield\phase11\backup\20260219_174514\mocka_phase11.ps1","4409","2026/02/19 17:33:07","Archive"
"C:\Users\sirok\mocka-core-private\infield\phase11\backup\20260219_174918\mocka_phase11.ps1","5086","2026/02/19 17:45:30","Archive"
"C:\Users\sirok\mocka-core-private\infield\phase11\backup\20260219_175905\mocka_phase11.ps1","5597","2026/02/19 17:49:46","Archive"
"C:\Users\sirok\mocka-core-private\infield\phase11\backup\20260219_180022\mocka_phase11.ps1","5597","2026/02/19 17:49:46","Archive"
"C:\Users\sirok\mocka-core-private\infield\phase11\backup\20260219_181144\gateway_searchget.py","4845","2026/02/19 13:00:55","Archive"
"C:\Users\sirok\mocka-core-private\infield\phase11\backup\20260219_181804\gateway_audit_search.py","4550","2026/02/19 17:54:14","Archive"
"C:\Users\sirok\mocka-core-private\infield\phase11\backup\20260219_182042\gateway_audit_search.py","2648","2026/02/19 18:18:56","Archive"
"C:\Users\sirok\mocka-core-private\infield\phase11\backup\20260220_002024\gateway_audit_search.py","11189","2026/02/19 18:40:27","Archive"
"C:\Users\sirok\mocka-core-private\infield\phase11\backup\20260220_002206\gateway_audit_search.py","2648","2026/02/19 18:18:56","Archive"
"C:\Users\sirok\mocka-core-private\infield\phase11\backup\20260220_003208\gateway_audit_search.py","2648","2026/02/19 18:18:56","Archive"
"C:\Users\sirok\mocka-core-private\infield\phase11\backup\20260220_003426\gateway_audit_search.py","2648","2026/02/19 18:18:56","Archive"
"C:\Users\sirok\mocka-core-private\infield\phase11\db\knowledge.db","110592","2026/02/20 11:26:32","Archive"
"C:\Users\sirok\mocka-core-private\infield\phase11\db\knowledge_old.db","53248","2026/02/20 9:54:17","Archive"
"C:\Users\sirok\mocka-core-private\infield\phase5_docs\CHANGELOG_INFIELD.md","519","2026/02/17 16:53:46","Archive"
"C:\Users\sirok\mocka-core-private\infield\phase5_docs\INFIELD_RETRY_WORKER_SPEC.md","1985","2026/02/17 16:53:46","Archive"
"C:\Users\sirok\mocka-core-private\infield\phase5_docs\OPERATIONS.md","1046","2026/02/17 16:53:46","Archive"
"C:\Users\sirok\mocka-core-private\infield\phase5_docs\SSOT.md","1243","2026/02/17 16:53:46","Archive"
"C:\Users\sirok\mocka-core-private\infield\phase6_ops\check_infield.ps1","1959","2026/02/17 16:53:46","Archive"
"C:\Users\sirok\mocka-core-private\infield\phase6_ops\entrypoint_guard.py","308","2026/02/17 16:53:47","Archive"
"C:\Users\sirok\mocka-core-private\infield\phase7_ops_mocka\inventory_mocka.ps1","9199","2026/02/19 10:33:03","Archive"
"C:\Users\sirok\mocka-core-private\infield\phase7_ops_mocka\mocka_inventory_20260217_171317.md","25192","2026/02/17 17:14:49","Archive"
"C:\Users\sirok\mocka-core-private\infield\phase7_ops_mocka\verify_credentials.ps1","4690","2026/02/19 10:24:05","Archive"
"C:\Users\sirok\mocka-core-private\infield\state\migrate_breaker_autofix.py","1101","2026/02/16 11:22:52","Archive"
"C:\Users\sirok\mocka-core-private\infield\state\migrate_breaker_fix.py","721","2026/02/16 11:16:39","Archive"
"C:\Users\sirok\mocka-core-private\infield\state\migrate_breaker_fullfix.py","1162","2026/02/16 11:35:27","Archive"
"C:\Users\sirok\mocka-core-private\infield\state\migrate_breaker_fullfix_scanall.py","2027","2026/02/16 11:40:57","Archive"
"C:\Users\sirok\mocka-core-private\infield\state\mocka_route.txt","9","2026/02/16 11:07:18","Archive"
"C:\Users\sirok\mocka-core-private\infield\state\mocka_state.db","32768","2026/02/17 11:38:23","Archive"
"C:\Users\sirok\mocka-core-private\infield\state\mocka_state.infield.db","12288","2026/02/16 11:40:57","Archive"
"C:\Users\sirok\mocka-core-private\infield\state\mocka_state.outfield.db","8192","2026/02/16 11:40:57","Archive"
"C:\Users\sirok\mocka-core-private\ops\sync_contracts.ps1","469","2026/02/20 18:31:36","Archive"
"C:\Users\sirok\mocka-core-private\outbox\artifacts",,"2026/02/20 18:35:54","Directory"
"C:\Users\sirok\mocka-core-private\outbox\1771395301604_6a487afcffa24cb78026e8aac63eb264_test.json","245","2026/02/18 15:15:01","Archive"
"C:\Users\sirok\mocka-core-private\outbox\1771395748486_f3e6cb535e8a4df0b42438f7b2968d0c_cycle_0.json","379","2026/02/18 15:22:28","Archive"
"C:\Users\sirok\mocka-core-private\outbox\1771395748493_fca2c572c4c7420b8cd6f12b49a59b71_cycle_1.json","379","2026/02/18 15:22:28","Archive"
"C:\Users\sirok\mocka-core-private\outbox\1771395915137_3f97ca1161d843f39b6c16b59fd59d66_cycle_0.json","832","2026/02/18 15:25:15","Archive"
"C:\Users\sirok\mocka-core-private\outbox\1771395915163_bfafcb8d809444e4a7d049571c1df3ab_cycle_1.json","832","2026/02/18 15:25:15","Archive"
"C:\Users\sirok\mocka-core-private\outbox\1771396113171_9d266b6bb93a40daa71db77b44e717fe_cycle_0.json","896","2026/02/18 15:28:33","Archive"
"C:\Users\sirok\mocka-core-private\outbox\1771396205926_cc98d763340c4a1b8dbf9682320472fd_cycle_0.json","851","2026/02/18 15:30:05","Archive"
"C:\Users\sirok\mocka-core-private\outbox\1771398241968_7784ea286a6f4d1ea7a7f17e62e86521_cycle_0.json","899","2026/02/18 16:04:01","Archive"
"C:\Users\sirok\mocka-core-private\outbox\1771398241970_7834d1430bd74892844d54c20d8fa3fc_cycle_1.json","899","2026/02/18 16:04:01","Archive"
"C:\Users\sirok\mocka-core-private\outbox\1771398636710_35adaef4ea5042f0a26a45354d62787b_cycle_0.json","1162","2026/02/18 16:10:36","Archive"
"C:\Users\sirok\mocka-core-private\outbox\1771398637057_41878088377949649eebf7187ceeec4e_cycle_0.json","1623","2026/02/18 16:10:37","Archive"
"C:\Users\sirok\mocka-core-private\outbox\1771398639967_ca3b5d244b0e4331b54c6dfc854493fc_cycle_0.json","1624","2026/02/18 16:10:39","Archive"
"C:\Users\sirok\mocka-core-private\outbox\1771398640293_645a77f297ee41408caf332c04728e7f_cycle_0.json","1639","2026/02/18 16:10:40","Archive"
"C:\Users\sirok\mocka-core-private\outbox\1771398971855_ffef6f60d19446b0acec2324311a83c4_cycle_0.json","1362","2026/02/18 16:16:11","Archive"
"C:\Users\sirok\mocka-core-private\outbox\1771399397635_4cc8636c59794343a52d4fb90f4b7910_cycle_0.json","1372","2026/02/18 16:23:17","Archive"
"C:\Users\sirok\mocka-core-private\outbox\1771399717946_b0f07763a7a14baea715fda97cc29681_cycle_0.json","1795","2026/02/18 16:28:37","Archive"
"C:\Users\sirok\mocka-core-private\outbox\1771399717965_47b5f602ef4a4304871cf7ee80ef2b39_cycle_1.json","1795","2026/02/18 16:28:37","Archive"
"C:\Users\sirok\mocka-core-private\outbox\1771399723463_3a32e2c365d84edb92b00bc5a0c29ead_cycle_0.json","1809","2026/02/18 16:28:43","Archive"
"C:\Users\sirok\mocka-core-private\outbox\1771399723483_1858cf0a74dd4d9da7c3ebe4d969434d_cycle_1.json","1795","2026/02/18 16:28:43","Archive"
"C:\Users\sirok\mocka-core-private\outbox\1771399877141_037912d4cfc144c289eac9c629b3704e_cycle_0.json","1374","2026/02/18 16:31:17","Archive"
"C:\Users\sirok\mocka-core-private\outbox\1771399877864_ae6808cc42c74173ae74d3a3e8d21f08_cycle_1.json","1836","2026/02/18 16:31:17","Archive"
"C:\Users\sirok\mocka-core-private\outbox\1771399884112_3c5a89dc6ca5441b98ff29e92ff165ea_cycle_0.json","1838","2026/02/18 16:31:24","Archive"
"C:\Users\sirok\mocka-core-private\outbox\1771399884833_6438eca245c749d5b7dc1d79008e2fdd_cycle_1.json","1850","2026/02/18 16:31:24","Archive"
"C:\Users\sirok\mocka-core-private\outbox\1771400248347_84dbc4d22f8f4fffb9ec4b9687077066_cycle_0.json","1301","2026/02/18 16:37:28","Archive"
"C:\Users\sirok\mocka-core-private\outbox\1771400248371_620a625375304b7bab755d538307f5d1_cycle_1.json","1810","2026/02/18 16:37:28","Archive"
"C:\Users\sirok\mocka-core-private\outbox\1771400559759_ee83fb8c68384388b80129d723295ad4_cycle_0.json","1305","2026/02/18 16:42:39","Archive"
"C:\Users\sirok\mocka-core-private\outbox\1771401473256_err.json","996","2026/02/18 16:57:53","Archive"
"C:\Users\sirok\mocka-core-private\outbox\1771401502660_err.json","996","2026/02/18 16:58:22","Archive"
"C:\Users\sirok\mocka-core-private\outbox\1771401617889_err.json","1240","2026/02/18 17:00:17","Archive"
"C:\Users\sirok\mocka-core-private\outbox\1771401715844_err.json","1240","2026/02/18 17:01:55","Archive"
"C:\Users\sirok\mocka-core-private\outbox\1771401864840_err.json","3774","2026/02/18 17:04:25","Archive"
"C:\Users\sirok\mocka-core-private\outbox\1771401960797_err.json","3843","2026/02/18 17:06:01","Archive"
"C:\Users\sirok\mocka-core-private\outbox\1771402596146_err.json","3993","2026/02/18 17:16:36","Archive"
"C:\Users\sirok\mocka-core-private\outbox\1771402756458_err.json","3955","2026/02/18 17:19:16","Archive"
"C:\Users\sirok\mocka-core-private\outbox\1771404254110_err.json","3725","2026/02/18 17:44:20","Archive"
"C:\Users\sirok\mocka-core-private\outbox\1771405075821_ok.json","3333","2026/02/18 17:57:57","Archive"
"C:\Users\sirok\mocka-core-private\outbox\1771552913678_event.json","84","2026/02/20 11:01:53","Archive"
"C:\Users\sirok\mocka-core-private\outbox\1771552948543_event.json","84","2026/02/20 11:02:28","Archive"
"C:\Users\sirok\mocka-core-private\outbox\1771553205608_event.json","84","2026/02/20 11:06:45","Archive"
"C:\Users\sirok\mocka-core-private\outbox\1771553205968_event.json","84","2026/02/20 11:06:45","Archive"
"C:\Users\sirok\mocka-core-private\outbox\1771553962395_event.json","84","2026/02/20 11:19:22","Archive"
"C:\Users\sirok\mocka-core-private\outbox\1771553999096_event.json","84","2026/02/20 11:19:59","Archive"
"C:\Users\sirok\mocka-core-private\outbox\1771554062116_event.json","84","2026/02/20 11:21:02","Archive"
"C:\Users\sirok\mocka-core-private\outbox\1771554386579_event.json","84","2026/02/20 11:26:26","Archive"
"C:\Users\sirok\mocka-core-private\outbox\1771554392357_event.json","84","2026/02/20 11:26:32","Archive"
"C:\Users\sirok\mocka-core-private\outbox\1e4c4cfcfeb413f497824f1e02f5839931b9be18bbe5d48a8e6459f87a97f7bb.csv","307","2026/02/19 11:28:02","Archive"
"C:\Users\sirok\mocka-core-private\outbox\1e4c4cfcfeb413f497824f1e02f5839931b9be18bbe5d48a8e6459f87a97f7bb_integrity.txt","64","2026/02/19 11:28:02","Archive"
"C:\Users\sirok\mocka-core-private\outbox\1f193d65e90425b78a7504fe17972a2051dea8eaf089092c71ce2156b26744d5_integrity_proof.json","454","2026/02/19 11:53:48","Archive"
"C:\Users\sirok\mocka-core-private\outbox\1f193d65e90425b78a7504fe17972a2051dea8eaf089092c71ce2156b26744d5_payload.json","351","2026/02/19 11:53:48","Archive"
"C:\Users\sirok\mocka-core-private\outbox\2bfb45a6d2e9aa1d154016f3d90cc4a6ec2d01063b7ced15a595cbb1105f0109.xlsx","5783","2026/02/19 12:13:58","Archive"
"C:\Users\sirok\mocka-core-private\outbox\2bfb45a6d2e9aa1d154016f3d90cc4a6ec2d01063b7ced15a595cbb1105f0109_integrity_proof.json","583","2026/02/19 12:13:58","Archive"
"C:\Users\sirok\mocka-core-private\outbox\2bfb45a6d2e9aa1d154016f3d90cc4a6ec2d01063b7ced15a595cbb1105f0109_payload.json","333","2026/02/19 12:13:58","Archive"
"C:\Users\sirok\mocka-core-private\outbox\2cfd955f53d4f062787849f88e5b361f61cc8e2680c55675e0321523313b202c.csv","307","2026/02/19 11:29:01","Archive"
"C:\Users\sirok\mocka-core-private\outbox\2cfd955f53d4f062787849f88e5b361f61cc8e2680c55675e0321523313b202c_integrity.txt","64","2026/02/19 11:29:01","Archive"
"C:\Users\sirok\mocka-core-private\outbox\4881eb7c2ec91f47dcdb762caa0e2c3abab3e535ce23050a9337a623041cb38a_integrity_proof.json","454","2026/02/19 11:51:57","Archive"
"C:\Users\sirok\mocka-core-private\outbox\4881eb7c2ec91f47dcdb762caa0e2c3abab3e535ce23050a9337a623041cb38a_payload.json","360","2026/02/19 11:51:57","Archive"
"C:\Users\sirok\mocka-core-private\outbox\49a49aad759fd1424a187a1ad44146c33b43114cb04016eede7b8993a2b0174b.xlsx","5096","2026/02/19 11:39:16","Archive"
"C:\Users\sirok\mocka-core-private\outbox\49a49aad759fd1424a187a1ad44146c33b43114cb04016eede7b8993a2b0174b_integrity_proof.json","515","2026/02/19 11:39:16","Archive"
"C:\Users\sirok\mocka-core-private\outbox\49a49aad759fd1424a187a1ad44146c33b43114cb04016eede7b8993a2b0174b_payload.json","378","2026/02/19 11:39:16","Archive"
"C:\Users\sirok\mocka-core-private\outbox\589fa000545c72997deacafc2fef3b143fff0a00bd77738cd9b891790f1e92b7.xlsx","5800","2026/02/19 11:46:57","Archive"
"C:\Users\sirok\mocka-core-private\outbox\589fa000545c72997deacafc2fef3b143fff0a00bd77738cd9b891790f1e92b7_integrity_proof.json","583","2026/02/19 11:46:57","Archive"
"C:\Users\sirok\mocka-core-private\outbox\589fa000545c72997deacafc2fef3b143fff0a00bd77738cd9b891790f1e92b7_payload.json","374","2026/02/19 11:46:57","Archive"
"C:\Users\sirok\mocka-core-private\outbox\7d456606116ec8ce9ed0b2b2fd4aedd6be097bde6bd3098c675ef723900a08a5.xlsx","5092","2026/02/19 11:36:46","Archive"
"C:\Users\sirok\mocka-core-private\outbox\7d456606116ec8ce9ed0b2b2fd4aedd6be097bde6bd3098c675ef723900a08a5_integrity.txt","64","2026/02/19 11:36:46","Archive"
"C:\Users\sirok\mocka-core-private\outbox\873d6393e32ca40003db221b260d9db3dfc96b1a88fb00ce78a02bdcc071dead_integrity_proof.json","386","2026/02/19 11:54:53","Archive"
"C:\Users\sirok\mocka-core-private\outbox\873d6393e32ca40003db221b260d9db3dfc96b1a88fb00ce78a02bdcc071dead_payload.json","351","2026/02/19 11:54:53","Archive"
"C:\Users\sirok\mocka-core-private\outbox\ab65d0395f425edab9abf6262e867d4d62c8fb860e8f1de7814a51ef7cc9229a.xlsx","5778","2026/02/19 11:48:03","Archive"
"C:\Users\sirok\mocka-core-private\outbox\ab65d0395f425edab9abf6262e867d4d62c8fb860e8f1de7814a51ef7cc9229a_integrity_proof.json","583","2026/02/19 11:48:03","Archive"
"C:\Users\sirok\mocka-core-private\outbox\ab65d0395f425edab9abf6262e867d4d62c8fb860e8f1de7814a51ef7cc9229a_payload.json","322","2026/02/19 11:48:03","Archive"
"C:\Users\sirok\mocka-core-private\outbox\auditsearch_20260219_175427.json","271","2026/02/19 17:54:27","Archive"
"C:\Users\sirok\mocka-core-private\outbox\auditsearch_20260219_175431.json","292","2026/02/19 17:54:31","Archive"
"C:\Users\sirok\mocka-core-private\outbox\auditsearch_20260219_175614.json","292","2026/02/19 17:56:14","Archive"
"C:\Users\sirok\mocka-core-private\outbox\auditsearch_20260219_175853.json","270","2026/02/19 17:58:53","Archive"
"C:\Users\sirok\mocka-core-private\outbox\auditsearch_20260219_181124.json","270","2026/02/19 18:11:24","Archive"
"C:\Users\sirok\mocka-core-private\outbox\auditsearch_20260219_181155.json","291","2026/02/19 18:11:55","Archive"
"C:\Users\sirok\mocka-core-private\outbox\auditsearch_20260219_181509.json","292","2026/02/19 18:15:09","Archive"
"C:\Users\sirok\mocka-core-private\outbox\auditsearch_20260219_181900.json","292","2026/02/19 18:19:00","Archive"
"C:\Users\sirok\mocka-core-private\outbox\auditsearch_20260219_182135.json","292","2026/02/19 18:21:35","Archive"
"C:\Users\sirok\mocka-core-private\outbox\auditsearch_20260220_092238.json","536","2026/02/20 9:22:38","Archive"
"C:\Users\sirok\mocka-core-private\outbox\auditsearch_20260220_093758.json","859","2026/02/20 9:37:58","Archive"
"C:\Users\sirok\mocka-core-private\outbox\auditsearch_20260220_093802.json","476","2026/02/20 9:38:02","Archive"
"C:\Users\sirok\mocka-core-private\outbox\audit_event_20260220_093554.json","426","2026/02/20 18:35:54","Archive"
"C:\Users\sirok\mocka-core-private\outbox\b1728d26911f0bddbddcdf57b73d3e2bda496f7af791dc97b08f3c8ec056b3ac_integrity_proof.json","454","2026/02/19 11:56:02","Archive"
"C:\Users\sirok\mocka-core-private\outbox\b1728d26911f0bddbddcdf57b73d3e2bda496f7af791dc97b08f3c8ec056b3ac_payload.json","351","2026/02/19 11:56:02","Archive"
"C:\Users\sirok\mocka-core-private\outbox\b973d940443636b197ff2c182506d6f3adccbe1e49efe6e7e5954c29c759eabf.xlsx","5096","2026/02/19 11:37:39","Archive"
"C:\Users\sirok\mocka-core-private\outbox\b973d940443636b197ff2c182506d6f3adccbe1e49efe6e7e5954c29c759eabf_integrity.txt","64","2026/02/19 11:37:39","Archive"
"C:\Users\sirok\mocka-core-private\outbox\backupsearch_20260219_174712.json","3222","2026/02/19 17:49:46","Archive"
"C:\Users\sirok\mocka-core-private\outbox\backupsearch_20260219_174716.json","2246","2026/02/19 17:47:16","Archive"
"C:\Users\sirok\mocka-core-private\outbox\backupsearch_20260219_174838.json","2246","2026/02/19 17:48:38","Archive"
"C:\Users\sirok\mocka-core-private\outbox\backupsearch_20260219_175131.json","1920","2026/02/19 17:51:31","Archive"
"C:\Users\sirok\mocka-core-private\outbox\backupsearch_20260219_181059.json","1270","2026/02/19 18:10:59","Archive"
"C:\Users\sirok\mocka-core-private\outbox\batch_338b5ba5ab3609852feeb7dc67b2e19a364a2ac4dc1c590cd2585cc834bdced2_integrity_proof.json","472","2026/02/19 11:57:51","Archive"
"C:\Users\sirok\mocka-core-private\outbox\batch_338b5ba5ab3609852feeb7dc67b2e19a364a2ac4dc1c590cd2585cc834bdced2_payload.json","3850","2026/02/19 11:57:51","Archive"
"C:\Users\sirok\mocka-core-private\outbox\batch_d7fe854e99130bea9ce1db1248e6b507cc7ce98dfd695feda2566df498aeb408_integrity_proof.json","472","2026/02/19 11:57:41","Archive"
"C:\Users\sirok\mocka-core-private\outbox\batch_d7fe854e99130bea9ce1db1248e6b507cc7ce98dfd695feda2566df498aeb408_payload.json","3850","2026/02/19 11:57:41","Archive"
"C:\Users\sirok\mocka-core-private\outbox\d8f10ad856bb983780dbbdbfefd4df56d742a469ade6523b51134e0606584150_integrity_proof.json","454","2026/02/19 11:52:01","Archive"
"C:\Users\sirok\mocka-core-private\outbox\d8f10ad856bb983780dbbdbfefd4df56d742a469ade6523b51134e0606584150_payload.json","360","2026/02/19 11:52:01","Archive"
"C:\Users\sirok\mocka-core-private\outbox\d960fbee0a613e73e888c6ec7710ca0c340337740dcd4115ad20b4171cb0e943.xlsx","5805","2026/02/19 11:49:59","Archive"
"C:\Users\sirok\mocka-core-private\outbox\d960fbee0a613e73e888c6ec7710ca0c340337740dcd4115ad20b4171cb0e943_integrity_proof.json","583","2026/02/19 11:49:59","Archive"
"C:\Users\sirok\mocka-core-private\outbox\d960fbee0a613e73e888c6ec7710ca0c340337740dcd4115ad20b4171cb0e943_payload.json","368","2026/02/19 11:49:59","Archive"
"C:\Users\sirok\mocka-core-private\outbox\e4cead0f569f4bdaf49defc6dc64502c17d6147537a9a0aa4b61f565a34e9204.xlsx","5104","2026/02/19 11:35:25","Archive"
"C:\Users\sirok\mocka-core-private\outbox\e4cead0f569f4bdaf49defc6dc64502c17d6147537a9a0aa4b61f565a34e9204_integrity.txt","64","2026/02/19 11:35:25","Archive"
"C:\Users\sirok\mocka-core-private\outbox\ee3c9ad61983380d673d7784d99227c16ae953a0ecf2431c9ef50964c8da22c3.xlsx","5773","2026/02/19 11:51:53","Archive"
"C:\Users\sirok\mocka-core-private\outbox\ee3c9ad61983380d673d7784d99227c16ae953a0ecf2431c9ef50964c8da22c3_integrity_proof.json","583","2026/02/19 11:51:53","Archive"
"C:\Users\sirok\mocka-core-private\outbox\ee3c9ad61983380d673d7784d99227c16ae953a0ecf2431c9ef50964c8da22c3_payload.json","328","2026/02/19 11:51:53","Archive"
"C:\Users\sirok\mocka-core-private\outbox\f9ec59670076b0268f07a198a53077aebf20e872dd1f516c9bde7d9af2930ac7.csv","313","2026/02/19 11:29:40","Archive"
"C:\Users\sirok\mocka-core-private\outbox\f9ec59670076b0268f07a198a53077aebf20e872dd1f516c9bde7d9af2930ac7_integrity.txt","64","2026/02/19 11:29:40","Archive"
"C:\Users\sirok\mocka-core-private\outbox\file_auditsearch_20260219_094035.json","8043","2026/02/19 18:40:35","Archive"
"C:\Users\sirok\mocka-core-private\outbox\file_auditsearch_20260219_094329.json","8697","2026/02/19 18:43:29","Archive"
"C:\Users\sirok\mocka-core-private\outbox\file_edit_20260219_094323.json","900","2026/02/19 18:43:23","Archive"
"C:\Users\sirok\mocka-core-private\outbox\file_edit_20260219_173037.json","1035","2026/02/19 17:30:37","Archive"
"C:\Users\sirok\mocka-core-private\outbox\file_edit_20260219_173105.json","1150","2026/02/19 17:31:05","Archive"
"C:\Users\sirok\mocka-core-private\outbox\file_edit_20260219_173134.json","1194","2026/02/19 17:31:35","Archive"
"C:\Users\sirok\mocka-core-private\outbox\file_edit_20260219_173414.json","1218","2026/02/19 17:34:15","Archive"
"C:\Users\sirok\mocka-core-private\outbox\file_edit_20260219_173743.json","1176","2026/02/19 17:37:43","Archive"
"C:\Users\sirok\mocka-core-private\outbox\file_edit_20260219_173845.json","1176","2026/02/19 17:38:45","Archive"
"C:\Users\sirok\mocka-core-private\outbox\file_edit_20260219_173849.json","1176","2026/02/19 17:38:49","Archive"
"C:\Users\sirok\mocka-core-private\outbox\file_edit_20260219_174349.json","1201","2026/02/19 17:43:49","Archive"
"C:\Users\sirok\mocka-core-private\outbox\file_edit_20260219_174514.json","1217","2026/02/19 17:45:14","Archive"
"C:\Users\sirok\mocka-core-private\outbox\file_edit_20260219_174918.json","1186","2026/02/19 17:49:18","Archive"
"C:\Users\sirok\mocka-core-private\outbox\file_edit_20260219_175905.json","1207","2026/02/19 17:59:05","Archive"
"C:\Users\sirok\mocka-core-private\outbox\file_edit_20260219_180022.json","1164","2026/02/19 18:00:22","Archive"
"C:\Users\sirok\mocka-core-private\outbox\file_edit_20260219_181144.json","1158","2026/02/19 18:11:44","Archive"
"C:\Users\sirok\mocka-core-private\outbox\file_edit_20260219_181804.json","1173","2026/02/19 18:18:04","Archive"
"C:\Users\sirok\mocka-core-private\outbox\file_edit_20260219_182042.json","1179","2026/02/19 18:20:43","Archive"
"C:\Users\sirok\mocka-core-private\outbox\file_edit_20260220_003208.json","902","2026/02/20 9:32:08","Archive"
"C:\Users\sirok\mocka-core-private\outbox\file_edit_20260220_003426.json","902","2026/02/20 9:34:27","Archive"
"C:\Users\sirok\mocka-core-private\outbox\file_edit_20260220_102109.json","396","2026/02/20 10:21:09","Archive"
"C:\Users\sirok\mocka-core-private\outbox\file_edit_20260220_103140.json","481","2026/02/20 10:31:40","Archive"
"C:\Users\sirok\mocka-core-private\outbox\file_restore_20260219_173414.json","893","2026/02/19 17:41:48","Archive"
"C:\Users\sirok\mocka-core-private\outbox\file_restore_20260219_173845.json","902","2026/02/19 17:41:34","Archive"
"C:\Users\sirok\mocka-core-private\outbox\file_restore_20260220_002206.json","1286","2026/02/20 9:22:06","Archive"
"C:\Users\sirok\mocka-core-private\outbox\file_restore_20260220_004001.json","932","2026/02/20 9:40:01","Archive"
"C:\Users\sirok\mocka-core-private\outbox\file_restore_20260220_102759.json","536","2026/02/20 10:27:59","Archive"
"C:\Users\sirok\mocka-core-private\outbox\file_restore_20260220_103415.json","536","2026/02/20 10:34:15","Archive"
"C:\Users\sirok\mocka-core-private\outbox\getbatch_20260219_034930.json","415","2026/02/19 12:49:30","Archive"
"C:\Users\sirok\mocka-core-private\outbox\getbatch_20260219_034930.xlsx","4910","2026/02/19 12:49:30","Archive"
"C:\Users\sirok\mocka-core-private\outbox\getbatch_20260219_035016.json","415","2026/02/19 12:50:16","Archive"
"C:\Users\sirok\mocka-core-private\outbox\getbatch_20260219_035016.xlsx","4910","2026/02/19 12:50:16","Archive"
"C:\Users\sirok\mocka-core-private\outbox\getbatch_20260219_035157.json","415","2026/02/19 12:51:57","Archive"
"C:\Users\sirok\mocka-core-private\outbox\getbatch_20260219_035157.xlsx","4911","2026/02/19 12:51:57","Archive"
"C:\Users\sirok\mocka-core-private\outbox\getbatch_20260219_035309.json","5612","2026/02/19 12:53:09","Archive"
"C:\Users\sirok\mocka-core-private\outbox\getbatch_20260219_035309.xlsx","6603","2026/02/19 12:53:09","Archive"
"C:\Users\sirok\mocka-core-private\outbox\get_1e4c4cfcfeb413f497824f1e02f5839931b9be18bbe5d48a8e6459f87a97f7bb_20260219_033433.xlsx","5115","2026/02/19 12:34:33","Archive"
"C:\Users\sirok\mocka-core-private\outbox\get_2bfb45a6d2e9aa1d154016f3d90cc4a6ec2d01063b7ced15a595cbb1105f0109_20260219_031837.xlsx","5095","2026/02/19 12:18:37","Archive"
"C:\Users\sirok\mocka-core-private\outbox\get_49a49aad759fd1424a187a1ad44146c33b43114cb04016eede7b8993a2b0174b_20260219_032728.xlsx","5111","2026/02/19 12:27:28","Archive"
"C:\Users\sirok\mocka-core-private\outbox\get_49a49aad759fd1424a187a1ad44146c33b43114cb04016eede7b8993a2b0174b_20260219_033014.xlsx","5111","2026/02/19 12:30:14","Archive"
"C:\Users\sirok\mocka-core-private\outbox\get_b973d940443636b197ff2c182506d6f3adccbe1e49efe6e7e5954c29c759eabf_20260219_033031.xlsx","5107","2026/02/19 12:30:31","Archive"
"C:\Users\sirok\mocka-core-private\outbox\get_b973d940443636b197ff2c182506d6f3adccbe1e49efe6e7e5954c29c759eabf_20260219_033328.xlsx","5107","2026/02/19 12:33:28","Archive"
"C:\Users\sirok\mocka-core-private\outbox\get_b973d940443636b197ff2c182506d6f3adccbe1e49efe6e7e5954c29c759eabf_20260219_033432.xlsx","5107","2026/02/19 12:34:32","Archive"
"C:\Users\sirok\mocka-core-private\outbox\health_20260219_102430.json","878","2026/02/19 10:24:30","Archive"
"C:\Users\sirok\mocka-core-private\outbox\infield_commit_v33_1771407391436.json","868","2026/02/18 18:36:31","Archive"
"C:\Users\sirok\mocka-core-private\outbox\ingest_error_20260220_002852.json","4106","2026/02/20 9:28:52","Archive"
"C:\Users\sirok\mocka-core-private\outbox\integrity_proof_health_20260219_102430.json","386","2026/02/19 10:24:30","Archive"
"C:\Users\sirok\mocka-core-private\outbox\integrity_proof_inventory_20260219_103310.json","646","2026/02/19 10:34:27","Archive"
"C:\Users\sirok\mocka-core-private\outbox\integrity_proof_v33_1771407676365.json","293","2026/02/18 18:41:16","Archive"
"C:\Users\sirok\mocka-core-private\outbox\integrity_proof_v33_fixed.json","319","2026/02/18 19:26:01","Archive"
"C:\Users\sirok\mocka-core-private\outbox\inventory_20260219_103310.json","72435","2026/02/19 10:34:27","Archive"
"C:\Users\sirok\mocka-core-private\outbox\inventory_20260219_103310.md","61787","2026/02/19 10:34:27","Archive"
"C:\Users\sirok\mocka-core-private\outbox\loadtest_1kb_1771407474021.json","972","2026/02/18 18:37:54","Archive"
"C:\Users\sirok\mocka-core-private\outbox\loadtest_1kb_1771407474022.json","972","2026/02/18 18:37:54","Archive"
"C:\Users\sirok\mocka-core-private\outbox\loadtest_1kb_1771407474023.json","972","2026/02/18 18:37:54","Archive"
"C:\Users\sirok\mocka-core-private\outbox\loadtest_1kb_1771407474024.json","972","2026/02/18 18:37:54","Archive"
"C:\Users\sirok\mocka-core-private\outbox\loadtest_1kb_1771407474025.json","972","2026/02/18 18:37:54","Archive"
"C:\Users\sirok\mocka-core-private\outbox\loadtest_1kb_1771407474026.json","972","2026/02/18 18:37:54","Archive"
"C:\Users\sirok\mocka-core-private\outbox\loadtest_1kb_1771407474027.json","972","2026/02/18 18:37:54","Archive"
"C:\Users\sirok\mocka-core-private\outbox\loadtest_1kb_1771407474028.json","972","2026/02/18 18:37:54","Archive"
"C:\Users\sirok\mocka-core-private\outbox\loadtest_1kb_1771407474029.json","972","2026/02/18 18:37:54","Archive"
"C:\Users\sirok\mocka-core-private\outbox\loadtest_1kb_1771407474030.json","972","2026/02/18 18:37:54","Archive"
"C:\Users\sirok\mocka-core-private\outbox\loadtest_1kb_1771407474031.json","972","2026/02/18 18:37:54","Archive"
"C:\Users\sirok\mocka-core-private\outbox\loadtest_1kb_1771407474032.json","972","2026/02/18 18:37:54","Archive"
"C:\Users\sirok\mocka-core-private\outbox\loadtest_1kb_1771407474033.json","972","2026/02/18 18:37:54","Archive"
"C:\Users\sirok\mocka-core-private\outbox\loadtest_1kb_1771407474034.json","972","2026/02/18 18:37:54","Archive"
"C:\Users\sirok\mocka-core-private\outbox\loadtest_1kb_1771407474035.json","972","2026/02/18 18:37:54","Archive"
"C:\Users\sirok\mocka-core-private\outbox\loadtest_1kb_1771407474036.json","972","2026/02/18 18:37:54","Archive"
"C:\Users\sirok\mocka-core-private\outbox\loadtest_1kb_1771407474037.json","972","2026/02/18 18:37:54","Archive"
"C:\Users\sirok\mocka-core-private\outbox\loadtest_1kb_1771407474038.json","972","2026/02/18 18:37:54","Archive"
"C:\Users\sirok\mocka-core-private\outbox\loadtest_1kb_1771407474039.json","972","2026/02/18 18:37:54","Archive"
"C:\Users\sirok\mocka-core-private\outbox\loadtest_1kb_1771407474040.json","972","2026/02/18 18:37:54","Archive"
"C:\Users\sirok\mocka-core-private\outbox\loadtest_1kb_1771407474041.json","972","2026/02/18 18:37:54","Archive"
"C:\Users\sirok\mocka-core-private\outbox\loadtest_1kb_1771407474042.json","972","2026/02/18 18:37:54","Archive"
"C:\Users\sirok\mocka-core-private\outbox\loadtest_1kb_1771407474043.json","972","2026/02/18 18:37:54","Archive"
"C:\Users\sirok\mocka-core-private\outbox\loadtest_1kb_1771407474044.json","972","2026/02/18 18:37:54","Archive"
"C:\Users\sirok\mocka-core-private\outbox\loadtest_1kb_1771407474045.json","972","2026/02/18 18:37:54","Archive"
"C:\Users\sirok\mocka-core-private\outbox\loadtest_1kb_1771407474046.json","972","2026/02/18 18:37:54","Archive"
"C:\Users\sirok\mocka-core-private\outbox\loadtest_1kb_1771407474047.json","972","2026/02/18 18:37:54","Archive"
"C:\Users\sirok\mocka-core-private\outbox\loadtest_1kb_1771407474048.json","972","2026/02/18 18:37:54","Archive"
"C:\Users\sirok\mocka-core-private\outbox\loadtest_1kb_1771407474049.json","972","2026/02/18 18:37:54","Archive"
"C:\Users\sirok\mocka-core-private\outbox\loadtest_1kb_1771407474050.json","972","2026/02/18 18:37:54","Archive"
"C:\Users\sirok\mocka-core-private\outbox\loadtest_1kb_1771407474051.json","972","2026/02/18 18:37:54","Archive"
"C:\Users\sirok\mocka-core-private\outbox\loadtest_1kb_1771407474052.json","972","2026/02/18 18:37:54","Archive"
"C:\Users\sirok\mocka-core-private\outbox\loadtest_1kb_1771407474053.json","972","2026/02/18 18:37:54","Archive"
"C:\Users\sirok\mocka-core-private\outbox\loadtest_1kb_1771407474054.json","972","2026/02/18 18:37:54","Archive"
"C:\Users\sirok\mocka-core-private\outbox\loadtest_1kb_1771407474055.json","972","2026/02/18 18:37:54","Archive"
"C:\Users\sirok\mocka-core-private\outbox\loadtest_1kb_1771407474056.json","972","2026/02/18 18:37:54","Archive"
"C:\Users\sirok\mocka-core-private\outbox\loadtest_1kb_1771407474057.json","972","2026/02/18 18:37:54","Archive"
"C:\Users\sirok\mocka-core-private\outbox\loadtest_1kb_1771407474058.json","972","2026/02/18 18:37:54","Archive"
"C:\Users\sirok\mocka-core-private\outbox\loadtest_1kb_1771407474059.json","972","2026/02/18 18:37:54","Archive"
"C:\Users\sirok\mocka-core-private\outbox\loadtest_1kb_1771407474060.json","972","2026/02/18 18:37:54","Archive"
"C:\Users\sirok\mocka-core-private\outbox\loadtest_1kb_1771407474061.json","972","2026/02/18 18:37:54","Archive"
"C:\Users\sirok\mocka-core-private\outbox\loadtest_1kb_1771407474062.json","972","2026/02/18 18:37:54","Archive"
"C:\Users\sirok\mocka-core-private\outbox\loadtest_1kb_1771407474063.json","972","2026/02/18 18:37:54","Archive"
"C:\Users\sirok\mocka-core-private\outbox\loadtest_1kb_1771407474064.json","972","2026/02/18 18:37:54","Archive"
"C:\Users\sirok\mocka-core-private\outbox\loadtest_1kb_1771407474065.json","972","2026/02/18 18:37:54","Archive"
"C:\Users\sirok\mocka-core-private\outbox\loadtest_1kb_1771407474066.json","972","2026/02/18 18:37:54","Archive"
"C:\Users\sirok\mocka-core-private\outbox\loadtest_1kb_1771407474067.json","972","2026/02/18 18:37:54","Archive"
"C:\Users\sirok\mocka-core-private\outbox\loadtest_1kb_1771407474068.json","972","2026/02/18 18:37:54","Archive"
"C:\Users\sirok\mocka-core-private\outbox\loadtest_1kb_1771407474069.json","972","2026/02/18 18:37:54","Archive"
"C:\Users\sirok\mocka-core-private\outbox\loadtest_1kb_1771407474070.json","972","2026/02/18 18:37:54","Archive"
"C:\Users\sirok\mocka-core-private\outbox\loadtest_1kb_1771407474071.json","972","2026/02/18 18:37:54","Archive"
"C:\Users\sirok\mocka-core-private\outbox\loadtest_1kb_1771407474072.json","972","2026/02/18 18:37:54","Archive"
"C:\Users\sirok\mocka-core-private\outbox\loadtest_1kb_1771407474073.json","972","2026/02/18 18:37:54","Archive"
"C:\Users\sirok\mocka-core-private\outbox\loadtest_1kb_1771407474074.json","972","2026/02/18 18:37:54","Archive"
"C:\Users\sirok\mocka-core-private\outbox\loadtest_1kb_1771407474075.json","972","2026/02/18 18:37:54","Archive"
"C:\Users\sirok\mocka-core-private\outbox\loadtest_1kb_1771407474076.json","972","2026/02/18 18:37:54","Archive"
"C:\Users\sirok\mocka-core-private\outbox\loadtest_1kb_1771407474077.json","972","2026/02/18 18:37:54","Archive"
"C:\Users\sirok\mocka-core-private\outbox\loadtest_1kb_1771407474078.json","972","2026/02/18 18:37:54","Archive"
"C:\Users\sirok\mocka-core-private\outbox\loadtest_1kb_1771407474079.json","972","2026/02/18 18:37:54","Archive"
"C:\Users\sirok\mocka-core-private\outbox\loadtest_1kb_1771407474080.json","972","2026/02/18 18:37:54","Archive"
"C:\Users\sirok\mocka-core-private\outbox\loadtest_1kb_1771407474081.json","972","2026/02/18 18:37:54","Archive"
"C:\Users\sirok\mocka-core-private\outbox\loadtest_1kb_1771407474082.json","972","2026/02/18 18:37:54","Archive"
"C:\Users\sirok\mocka-core-private\outbox\loadtest_1kb_1771407474083.json","972","2026/02/18 18:37:54","Archive"
"C:\Users\sirok\mocka-core-private\outbox\loadtest_1kb_1771407474084.json","972","2026/02/18 18:37:54","Archive"
"C:\Users\sirok\mocka-core-private\outbox\loadtest_1kb_1771407474085.json","972","2026/02/18 18:37:54","Archive"
"C:\Users\sirok\mocka-core-private\outbox\loadtest_1kb_1771407474086.json","972","2026/02/18 18:37:54","Archive"
"C:\Users\sirok\mocka-core-private\outbox\loadtest_1kb_1771407474087.json","972","2026/02/18 18:37:54","Archive"
"C:\Users\sirok\mocka-core-private\outbox\loadtest_1kb_1771407474088.json","972","2026/02/18 18:37:54","Archive"
"C:\Users\sirok\mocka-core-private\outbox\loadtest_1kb_1771407474089.json","972","2026/02/18 18:37:54","Archive"
"C:\Users\sirok\mocka-core-private\outbox\loadtest_1kb_1771407474090.json","972","2026/02/18 18:37:54","Archive"
"C:\Users\sirok\mocka-core-private\outbox\loadtest_1kb_1771407474091.json","972","2026/02/18 18:37:54","Archive"
"C:\Users\sirok\mocka-core-private\outbox\loadtest_1kb_1771407474092.json","972","2026/02/18 18:37:54","Archive"
"C:\Users\sirok\mocka-core-private\outbox\loadtest_1kb_1771407474093.json","972","2026/02/18 18:37:54","Archive"
"C:\Users\sirok\mocka-core-private\outbox\loadtest_1kb_1771407474094.json","972","2026/02/18 18:37:54","Archive"
"C:\Users\sirok\mocka-core-private\outbox\loadtest_1kb_1771407474095.json","972","2026/02/18 18:37:54","Archive"
"C:\Users\sirok\mocka-core-private\outbox\loadtest_1kb_1771407474096.json","972","2026/02/18 18:37:54","Archive"
"C:\Users\sirok\mocka-core-private\outbox\loadtest_1kb_1771407474097.json","972","2026/02/18 18:37:54","Archive"
"C:\Users\sirok\mocka-core-private\outbox\loadtest_1kb_1771407474098.json","972","2026/02/18 18:37:54","Archive"
"C:\Users\sirok\mocka-core-private\outbox\loadtest_1kb_1771407474099.json","972","2026/02/18 18:37:54","Archive"
"C:\Users\sirok\mocka-core-private\outbox\loadtest_1kb_1771407474100.json","972","2026/02/18 18:37:54","Archive"
"C:\Users\sirok\mocka-core-private\outbox\loadtest_1kb_1771407474101.json","972","2026/02/18 18:37:54","Archive"
"C:\Users\sirok\mocka-core-private\outbox\loadtest_1kb_1771407474102.json","972","2026/02/18 18:37:54","Archive"
"C:\Users\sirok\mocka-core-private\outbox\loadtest_1kb_1771407474103.json","972","2026/02/18 18:37:54","Archive"
"C:\Users\sirok\mocka-core-private\outbox\loadtest_1kb_1771407474104.json","972","2026/02/18 18:37:54","Archive"
"C:\Users\sirok\mocka-core-private\outbox\loadtest_1kb_1771407474105.json","972","2026/02/18 18:37:54","Archive"
"C:\Users\sirok\mocka-core-private\outbox\loadtest_1kb_1771407474106.json","972","2026/02/18 18:37:54","Archive"
"C:\Users\sirok\mocka-core-private\outbox\loadtest_1kb_1771407474107.json","972","2026/02/18 18:37:54","Archive"
"C:\Users\sirok\mocka-core-private\outbox\loadtest_1kb_1771407474108.json","972","2026/02/18 18:37:54","Archive"
"C:\Users\sirok\mocka-core-private\outbox\loadtest_1kb_1771407474109.json","972","2026/02/18 18:37:54","Archive"
"C:\Users\sirok\mocka-core-private\outbox\loadtest_1kb_1771407474110.json","972","2026/02/18 18:37:54","Archive"
"C:\Users\sirok\mocka-core-private\outbox\loadtest_1kb_1771407474111.json","972","2026/02/18 18:37:54","Archive"
"C:\Users\sirok\mocka-core-private\outbox\loadtest_1kb_1771407474112.json","972","2026/02/18 18:37:54","Archive"
"C:\Users\sirok\mocka-core-private\outbox\loadtest_1kb_1771407474113.json","972","2026/02/18 18:37:54","Archive"
"C:\Users\sirok\mocka-core-private\outbox\loadtest_1kb_1771407474114.json","972","2026/02/18 18:37:54","Archive"
"C:\Users\sirok\mocka-core-private\outbox\loadtest_1kb_1771407474115.json","972","2026/02/18 18:37:54","Archive"
"C:\Users\sirok\mocka-core-private\outbox\loadtest_1kb_1771407474116.json","972","2026/02/18 18:37:54","Archive"
"C:\Users\sirok\mocka-core-private\outbox\loadtest_1kb_1771407474117.json","972","2026/02/18 18:37:54","Archive"
"C:\Users\sirok\mocka-core-private\outbox\loadtest_1kb_1771407474118.json","972","2026/02/18 18:37:54","Archive"
"C:\Users\sirok\mocka-core-private\outbox\loadtest_1kb_1771407474119.json","972","2026/02/18 18:37:54","Archive"
"C:\Users\sirok\mocka-core-private\outbox\loadtest_1kb_1771407474120.json","972","2026/02/18 18:37:54","Archive"
"C:\Users\sirok\mocka-core-private\outbox\phase10_close_1771410426244.json","728","2026/02/18 19:27:06","Archive"
"C:\Users\sirok\mocka-core-private\outbox\phase11_backupsearch_check_20260219.txt","154","2026/02/19 17:51:31","Archive"
"C:\Users\sirok\mocka-core-private\outbox\PHASE11_STRUCTURE_LOCK_20260219.md","2019","2026/02/19 18:07:23","Archive"
"C:\Users\sirok\mocka-core-private\outbox\searchget_20260219_040557.json","7554","2026/02/19 13:05:57","Archive"
"C:\Users\sirok\mocka-core-private\outbox\searchget_20260219_040647.json","7554","2026/02/19 13:06:47","Archive"
"C:\Users\sirok\mocka-core-private\outbox\searchget_20260219_040720.json","7554","2026/02/19 13:07:20","Archive"
"C:\Users\sirok\mocka-core-private\outbox\searchget_20260219_083448.json","7554","2026/02/19 17:34:48","Archive"
"C:\Users\sirok\mocka-core-private\outbox\searchget_20260219_083455.json","7554","2026/02/19 17:34:55","Archive"
"C:\Users\sirok\mocka-core-private\outbox\searchget_20260219_084541.json","7554","2026/02/19 17:45:41","Archive"
"C:\Users\sirok\mocka-core-private\outbox\searchget_20260219_091039.json","3613","2026/02/19 18:10:39","Archive"
"C:\Users\sirok\mocka-core-private\outbox\search_0211fc78289fda4a8ff780dc11caaff967b389d17537f8bc61e4df118f8fc8e6.xlsx","12097","2026/02/19 12:04:22","Archive"
"C:\Users\sirok\mocka-core-private\outbox\search_0211fc78289fda4a8ff780dc11caaff967b389d17537f8bc61e4df118f8fc8e6_integrity_proof.json","538","2026/02/19 12:04:22","Archive"
"C:\Users\sirok\mocka-core-private\outbox\search_0211fc78289fda4a8ff780dc11caaff967b389d17537f8bc61e4df118f8fc8e6_payload.json","4180","2026/02/19 12:04:22","Archive"
"C:\Users\sirok\mocka-core-private\outbox\search_2f26320fb8059a489a07ffa0cf195ec9df572123afa6430d964345a7e4bcb2eb.xlsx","5809","2026/02/19 12:14:05","Archive"
"C:\Users\sirok\mocka-core-private\outbox\search_2f26320fb8059a489a07ffa0cf195ec9df572123afa6430d964345a7e4bcb2eb_integrity_proof.json","538","2026/02/19 12:14:05","Archive"
"C:\Users\sirok\mocka-core-private\outbox\search_2f26320fb8059a489a07ffa0cf195ec9df572123afa6430d964345a7e4bcb2eb_payload.json","600","2026/02/19 12:14:05","Archive"
"C:\Users\sirok\mocka-core-private\outbox\search_3c05fecf1ea273cb4399c0c882fa6bf92634c151a05d7386a5a172f591ad7bed.xlsx","4895","2026/02/19 11:36:52","Archive"
"C:\Users\sirok\mocka-core-private\outbox\search_3c05fecf1ea273cb4399c0c882fa6bf92634c151a05d7386a5a172f591ad7bed_evidence.json","291","2026/02/19 11:36:52","Archive"
"C:\Users\sirok\mocka-core-private\outbox\search_4e5c70143370183a62a7c42cd4e946c244277d71186856d36e891e11b0f52864.csv","813","2026/02/19 11:29:50","Archive"
"C:\Users\sirok\mocka-core-private\outbox\search_4e5c70143370183a62a7c42cd4e946c244277d71186856d36e891e11b0f52864_evidence.json","304","2026/02/19 11:29:50","Archive"
"C:\Users\sirok\mocka-core-private\outbox\search_7b749519cac1bc5559838f985667aecd309d8eab72ab39dee88ec7d3f1e14818.xlsx","12097","2026/02/19 12:01:46","Archive"
"C:\Users\sirok\mocka-core-private\outbox\search_7b749519cac1bc5559838f985667aecd309d8eab72ab39dee88ec7d3f1e14818_integrity_proof.json","538","2026/02/19 12:01:46","Archive"
"C:\Users\sirok\mocka-core-private\outbox\search_7b749519cac1bc5559838f985667aecd309d8eab72ab39dee88ec7d3f1e14818_payload.json","463","2026/02/19 12:01:46","Archive"
"C:\Users\sirok\mocka-core-private\outbox\search_8c25711e7b9796389621fb169e0d330ea2af5082d5f637aad9b7616fcc731bfd.xlsx","6473","2026/02/19 11:53:54","Archive"
"C:\Users\sirok\mocka-core-private\outbox\search_8c25711e7b9796389621fb169e0d330ea2af5082d5f637aad9b7616fcc731bfd_integrity_proof.json","538","2026/02/19 11:53:54","Archive"
"C:\Users\sirok\mocka-core-private\outbox\search_8c25711e7b9796389621fb169e0d330ea2af5082d5f637aad9b7616fcc731bfd_payload.json","315","2026/02/19 11:53:54","Archive"
"C:\Users\sirok\mocka-core-private\outbox\search_90dad3620e20ba7b56dc46e379701b5c4afd99c3f3e0c7aea839af1f65355841.xlsx","5749","2026/02/19 11:48:10","Archive"
"C:\Users\sirok\mocka-core-private\outbox\search_90dad3620e20ba7b56dc46e379701b5c4afd99c3f3e0c7aea839af1f65355841_integrity_proof.json","538","2026/02/19 11:48:10","Archive"
"C:\Users\sirok\mocka-core-private\outbox\search_90dad3620e20ba7b56dc46e379701b5c4afd99c3f3e0c7aea839af1f65355841_payload.json","315","2026/02/19 11:48:10","Archive"
"C:\Users\sirok\mocka-core-private\outbox\search_91000f4e9afd986014c431296dec11192a469493942bd260132d9e57e6fc5e21.xlsx","5391","2026/02/19 11:35:31","Archive"
"C:\Users\sirok\mocka-core-private\outbox\search_91000f4e9afd986014c431296dec11192a469493942bd260132d9e57e6fc5e21_evidence.json","306","2026/02/19 11:35:31","Archive"
"C:\Users\sirok\mocka-core-private\outbox\search_93ceb1b74ace658b27b3af3f315014100725d6cf0d6bc120bf7971647de548fe.xlsx","5097","2026/02/19 11:39:21","Archive"
"C:\Users\sirok\mocka-core-private\outbox\search_93ceb1b74ace658b27b3af3f315014100725d6cf0d6bc120bf7971647de548fe_integrity_proof.json","538","2026/02/19 11:39:21","Archive"
"C:\Users\sirok\mocka-core-private\outbox\search_93ceb1b74ace658b27b3af3f315014100725d6cf0d6bc120bf7971647de548fe_payload.json","325","2026/02/19 11:39:21","Archive"
"C:\Users\sirok\mocka-core-private\outbox\search_94e6083dd97c6c7ee31458d37a755808141f4798753e376624fd23403d60cf46.xlsx","21958","2026/02/19 11:59:08","Archive"
"C:\Users\sirok\mocka-core-private\outbox\search_94e6083dd97c6c7ee31458d37a755808141f4798753e376624fd23403d60cf46_integrity_proof.json","538","2026/02/19 11:59:08","Archive"
"C:\Users\sirok\mocka-core-private\outbox\search_94e6083dd97c6c7ee31458d37a755808141f4798753e376624fd23403d60cf46_payload.json","465","2026/02/19 11:59:08","Archive"
"C:\Users\sirok\mocka-core-private\outbox\search_cf32b245be9721a03bfb1ea68fcb6733e7b4b26f885b7bc0f2761a88f442815e.xlsx","5260","2026/02/19 11:37:46","Archive"
"C:\Users\sirok\mocka-core-private\outbox\search_cf32b245be9721a03bfb1ea68fcb6733e7b4b26f885b7bc0f2761a88f442815e_evidence.json","299","2026/02/19 11:37:46","Archive"
"C:\Users\sirok\mocka-core-private\outbox\artifacts\hello_20260220_093554.txt","45","2026/02/20 18:35:54","Archive"
"C:\Users\sirok\mocka-core-private\src\mocka_outbox.py","872","2026/02/18 15:10:54","Archive"
